Handle,Title,body_html,Vendor,Type,Tags,Published,Option1,Option1Value,Option2 Name,Option2 Value,Option3 Name,Option3 Value,VariantSKU,Variant Grams,Variant Inventory Tracker,VariantQty,VariantPolicy,VariantFulfillmentService,VariantPrice,VariantComparePrice,VariantShipping,VariantTaxable,VariantBarcode,ImageSrc,ImagePosition,ImageAltText,GiftCard,SEOTitle,SEODescription,GoogleShopping,GoogleGender,GoogleAgeGroup,MPN,AdWordsGrouping,Google Shopping / AdWords Labels,GoogleCondition,Google Shopping / Custom Product,Google Shopping / Custom Label 0,Google Shopping / Custom Label 1,Google Shopping / Custom Label 2,Google Shopping / Custom Label 3,Google Shopping / Custom Label 4,Variant Image,Variant Weight Unit,Variant Tax Code,Cost per item
14k-White-Gold-Round DIAMOND-Curved-Bar-Necklace-3/4-Cttw,14k White Gold Round Diamond Curved Bar Necklace 3/4 Cttw,Precious Metal Type: 14kt White Gold <br>Approx. Gram Weight: 3.81 <br>Total Gemstone Carat Weight: 3/4 <br>Primary Gem Type: Diamond <br>Primary Gem Shape: Round <br>Primary Gem Color: G-H <br>Primary Gem Clarity: I1-I2 <br>Primary Gem Setting: Pave-set <br>Primary Gem Carat Weight: 0.75 <br>Gem 2 Carat Weight: None <br>Gem 3 Carat Weight: None <br>,gndatlanta,,,TRUE,,,,,,,PC16216NLA/W,,,100,deny,manual,$574.00 ,"$1,274.00 ",TRUE,TRUE,,https://www.gndatlanta.com/product/image/large/c0409207_1.jpg,1,,FALSE,14k White Gold Round Diamond Curved Bar Necklace 3/4 Cttw,,,,,,gndatlanta,,new,,Wholesale Diamonds,,,,,,,,
10k-White-Gold-Round DIAMOND-Horizontal-Cross-Pendant-Necklace-1/10-Cttw,10k White Gold Round Diamond Horizontal Cross Pendant Necklace 1/10 Cttw,Precious Metal Type: 10kt White Gold <br>Approx. Gram Weight: 0.91996 <br>Total Gemstone Carat Weight: 1/10 <br>Primary Gem Type: Diamond <br>Primary Gem Shape: Round <br>Primary Gem Color: G-H <br>Primary Gem Clarity: I2-I3 <br>Primary Gem Setting: Prong-set <br>Primary Gem Carat Weight: 0.1 <br>Gem 2 Carat Weight: None <br>Gem 3 Carat Weight: None <br>,gndatlanta,,API,TRUE,,,,,,,NF073814/W,,,100,deny,manual,$167.00 ,$348.00 ,TRUE,TRUE,,https://www.gndatlanta.com/product/image/large/c0175990_1.jpg,1,,FALSE,10k White Gold Round Diamond Horizontal Cross Pendant Necklace 1/10 Cttw,,,,,,gndatlanta,,new,,Wholesale Diamonds,,,,,,,,
10k-White-Gold-Round DIAMOND-Heart-Necklace-1/8-Cttw,10k White Gold Round Diamond Heart Necklace 1/8 Cttw,Precious Metal Type: 10kt White Gold <br>Approx. Gram Weight: 1.935 <br>Total Gemstone Carat Weight: 1/8 <br>Primary Gem Type: Diamond <br>Primary Gem Shape: Round <br>Primary Gem Color: G-H <br>Primary Gem Clarity: I2-I3 <br>Primary Gem Setting: Pave-set <br>Primary Gem Carat Weight: 0.12 <br>Gem 2 Carat Weight: None <br>Gem 3 Carat Weight: None <br>,gndatlanta,,API,TRUE,,,,,,,NF437/W,,,100,deny,manual,$178.00 ,$373.00 ,TRUE,TRUE,,https://www.gndatlanta.com/product/image/large/c0176032_1.jpg,1,,FALSE,10k White Gold Round Diamond Heart Necklace 1/8 Cttw,,,,,,gndatlanta,,new,,Wholesale Diamonds,,,,,,,,
1/8CT-DIA-TRIPLE-SET-FASHION-NECKLACE-,1/8CT DIAMOND TRIPLE SET FASHION NECKLACE ,Precious Metal Type: Sterling Silver <br>Approx. Gram Weight: 2.6066 <br>Total Gemstone Carat Weight: 1/8 <br>Primary Gem Type: Diamond <br>Primary Gem Shape: Round <br>Primary Gem Color: G-H <br>Primary Gem Clarity: I2-I3 <br>Primary Gem Setting: Bezel-set <br>Primary Gem Carat Weight: 0.12 <br>Gem 2 Carat Weight: None <br>Gem 3 Carat Weight: None <br>,gndatlanta,,API,TRUE,,,,,,,SPC14662NLA/W,,,100,deny,manual,$90.00 ,$173.00 ,TRUE,TRUE,,https://www.gndatlanta.com/product/image/large/c0226811_1.jpg,1,,FALSE,1/8CT-DIA TRIPLE SET FASHION NECKLACE ,,,,,,gndatlanta,,new,,Wholesale Diamonds,,,,,,,,
14k-White-Gold-Round DIAMOND-Triangle-Fashion-Necklace-1/4-Cttw,14k White Gold Round Diamond Triangle Fashion Necklace 1/4 Cttw,Precious Metal Type: 14kt White Gold <br>Approx. Gram Weight: 1.00024 <br>Total Gemstone Carat Weight: 1/4 <br>Primary Gem Type: Diamond <br>Primary Gem Shape: Round <br>Primary Gem Color: G-H <br>Primary Gem Clarity: I1-I2 <br>Primary Gem Setting: Prong-set <br>Primary Gem Carat Weight: 0.25 <br>Gem 2 Carat Weight: None <br>Gem 3 Carat Weight: None <br>,gndatlanta,,API,TRUE,,,,,,,NEOQ6380G/W-14K,,,100,deny,manual,$244.00 ,$524.00 ,TRUE,TRUE,,https://www.gndatlanta.com/product/image/large/c0175929_1.jpg,1,,FALSE,14k White Gold Round Diamond Triangle Fashion Necklace 1/4 Cttw,,,,,,gndatlanta,,new,,Wholesale Diamonds,,,,,,,,
10k-White-Gold-Round DIAMOND-Infinity-Pendant-Necklace-1/6-Cttw,10k White Gold Round Diamond Infinity Pendant Necklace 1/6 Cttw,Precious Metal Type: 10kt White Gold <br>Approx. Gram Weight: 0.755 <br>Total Gemstone Carat Weight: 1/6 <br>Primary Gem Type: Diamond <br>Primary Gem Shape: Round <br>Primary Gem Color: G-H <br>Primary Gem Clarity: I2-I3 <br>Primary Gem Setting: Prong-set <br>Primary Gem Carat Weight: 0.15 <br>Gem 2 Carat Weight: None <br>Gem 3 Carat Weight: None <br>,gndatlanta,,API,TRUE,,,,,,,PF6319/W,,,100,deny,manual,$145.00 ,$299.00 ,TRUE,TRUE,,https://www.gndatlanta.com/product/image/large/c0191263_1.jpg,1,,FALSE,10k White Gold Round Diamond Infinity Pendant Necklace 1/6 Cttw,,,,,,gndatlanta,,new,,Wholesale Diamonds,,,,,,,,
10kt-Yellow-Gold-Round DIAMOND-Moving-Twinkle-Pendant-Necklace-1/5-Cttw,10kt Yellow Gold Round Diamond Moving Twinkle Pendant Necklace 1/5 Cttw,Precious Metal Type: 10kt Yellow Gold <br>Approx. Gram Weight: 3.002 <br>Total Gemstone Carat Weight: 1/5 <br>Primary Gem Type: Diamond <br>Primary Gem Shape: Round <br>Primary Gem Color: G-H <br>Primary Gem Clarity: I2 <br>Primary Gem Setting: Prong-set <br>Primary Gem Carat Weight: 0.14 <br>Gem2 Type: Diamond <br>Gem2 Shape: Round <br>Gem2 Color: G-H <br>Gem2 Clarity: I2 <br>Gem2 Setting: 4-prong <br>Gem 2 Carat Weight: 0.06 <br>Gem 3 Carat Weight: None <br>,gndatlanta,,API,TRUE,,,,,,,NF020470,,,100,deny,manual,$272.00 ,$588.00 ,TRUE,TRUE,,https://www.gndatlanta.com/product/image/large/c0175983_1.jpg,1,,FALSE,10kt Yellow Gold Round Diamond Moving Twinkle Pendant Necklace 1/5 Cttw,,,,,,gndatlanta,,new,,Wholesale Diamonds,,,,,,,,
10k-White-Gold-Round DIAMOND-Infinity-Pendant-Necklace-1/8-Cttw,10k White Gold Round Diamond Infinity Pendant Necklace 1/8 Cttw,Precious Metal Type: 10kt White Gold <br>Approx. Gram Weight: 1.183 <br>Total Gemstone Carat Weight: 1/8 <br>Primary Gem Type: Diamond <br>Primary Gem Shape: Round <br>Primary Gem Color: G-H <br>Primary Gem Clarity: I2-I3 <br>Primary Gem Setting: Pave-set <br>Primary Gem Carat Weight: 0.12 <br>Gem 2 Carat Weight: None <br>Gem 3 Carat Weight: None <br>,gndatlanta,,API,TRUE,,,,,,,PF6326/W,,,100,deny,manual,$167.00 ,$348.00 ,TRUE,TRUE,,https://www.gndatlanta.com/product/image/large/c0191267_1.jpg,1,,FALSE,10k White Gold Round Diamond Infinity Pendant Necklace 1/8 Cttw,,,,,,gndatlanta,,new,,Wholesale Diamonds,,,,,,,,
10k-Yellow-Gold-Round DIAMOND-Double-Circle-Necklace-1/6-Cttw,10k Yellow Gold Round Diamond Double Circle Necklace 1/6 Cttw,Precious Metal Type: 10kt Yellow Gold <br>Approx. Gram Weight: 0.96 <br>Total Gemstone Carat Weight: 1/6 <br>Primary Gem Type: Diamond <br>Primary Gem Shape: Round <br>Primary Gem Color: G-H <br>Primary Gem Clarity: I2-I3 <br>Primary Gem Setting: Prong-set <br>Primary Gem Carat Weight: 0.15 <br>Gem 2 Carat Weight: None <br>Gem 3 Carat Weight: None <br>,gndatlanta,,API,TRUE,,,,,,,NF0882,,,100,deny,manual,$167.00 ,$348.00 ,TRUE,TRUE,,https://www.gndatlanta.com/product/image/large/c0406175_2.jpg,1,,FALSE,10k Yellow Gold Round Diamond Double Circle Necklace 1/6 Cttw,,,,,,gndatlanta,,new,,Wholesale Diamonds,,,,,,,,
10k-Yellow-Gold-Round DIAMOND-Double-Circle-Necklace-1/6-Cttw,,,,,API,,,,,,,,,,,,,,,,,,,https://www.gndatlanta.com/product/image/large/c0406175_1.jpg,,,,,,,,,,,,new,,,,,,,,,,
14k-White-Gold-Round DIAMOND-Floral-Cluster-Necklace-1/3-Cttw,14k White Gold Round Diamond Floral Cluster Necklace 1/3 Cttw,Precious Metal Type: 14kt White Gold <br>Approx. Gram Weight: 1.068 <br>Total Gemstone Carat Weight: 1/3 <br>Primary Gem Type: Diamond <br>Primary Gem Shape: Round <br>Primary Gem Color: G-H <br>Primary Gem Clarity: I1-I2 <br>Primary Gem Setting: Prong-set <br>Primary Gem Carat Weight: 0.05 <br>Gem2 Type: Diamond <br>Gem2 Shape: Round <br>Gem2 Color: G-H <br>Gem2 Clarity: I1-I2 <br>Gem2 Setting: Prong-set <br>Gem 2 Carat Weight: 0.29 <br>Gem 3 Carat Weight: None <br>,gndatlanta,,API,TRUE,,,,,,,JAP05670T/W,,,100,deny,manual,$327.00 ,$713.00 ,TRUE,TRUE,,https://www.gndatlanta.com/product/image/large/c0534752_1.jpg,1,,FALSE,14k White Gold Round Diamond Floral Cluster Necklace 1/3 Cttw,,,,,,gndatlanta,,new,,Wholesale Diamonds,,,,,,,,
Sterling-Silver-Round DIAMOND-Horizontal-Sideways-Cross-Necklace-1/10-Cttw,Sterling Silver Round Diamond Horizontal Sideways Cross Necklace 1/10 Cttw,Precious Metal Type: Sterling Silver <br>Approx. Gram Weight: 1.695 <br>Total Gemstone Carat Weight: 1/10 <br>Primary Gem Type: Diamond <br>Primary Gem Shape: Round <br>Primary Gem Color: J-K <br>Primary Gem Clarity: I2-I3 <br>Primary Gem Setting: Prong-set <br>Primary Gem Carat Weight: 0.11 <br>Gem 2 Carat Weight: None <br>Gem 3 Carat Weight: None <br>,gndatlanta,,API,TRUE,,,,,,,SVPX104/W,,,100,deny,manual,$85.00 ,$163.00 ,TRUE,TRUE,,https://www.gndatlanta.com/product/image/large/c0234177_1.jpg,1,,FALSE,Sterling Silver Round Diamond Horizontal Sideways Cross Necklace 1/10 Cttw,,,,,,gndatlanta,,new,,Wholesale Diamonds,,,,,,,,
Sterling-Silver-Round DIAMOND-Horizontal-Sideways-Cross-Necklace-1/10-Cttw,,,,,API,,,,,,,,,,,,,,,,,,,https://www.gndatlanta.com/product/image/large/c0234177_2.jpg,,,,,,,,,,,,new,,,,,,,,,,
14k-White-Gold-Round DIAMOND-Cluster-Triangle-Necklace-1/3-Cttw,14k White Gold Round Diamond Cluster Triangle Necklace 1/3 Cttw,Precious Metal Type: 14kt White Gold <br>Approx. Gram Weight: 1.64 <br>Total Gemstone Carat Weight: 1/3 <br>Primary Gem Type: Diamond <br>Primary Gem Shape: Round <br>Primary Gem Color: G-H <br>Primary Gem Clarity: I2 <br>Primary Gem Setting: Prong-set <br>Primary Gem Carat Weight: 0.13 <br>Gem2 Type: Diamond <br>Gem2 Shape: Round <br>Gem2 Color: G-H <br>Gem2 Clarity: I2 <br>Gem2 Setting: Prong-set <br>Gem 2 Carat Weight: 0.21 <br>Gem 3 Carat Weight: None <br>,gndatlanta,,API,TRUE,,,,,,,JAP05610T/W,,,100,deny,manual,$354.00 ,$773.00 ,TRUE,TRUE,,https://www.gndatlanta.com/product/image/large/c0631808_1.jpg,1,,FALSE,14k White Gold Round Diamond Cluster Triangle Necklace 1/3 Cttw,,,,,,gndatlanta,,new,,Wholesale Diamonds,,,,,,,,
14k-White-Gold-Round DIAMOND-Geometric-Cluster-Necklace-1/3-Cttw,14k White Gold Round Diamond Geometric Cluster Necklace 1/3 Cttw,Precious Metal Type: 14kt White Gold <br>Approx. Gram Weight: 1.2102 <br>Total Gemstone Carat Weight: 1/3 <br>Primary Gem Type: Diamond <br>Primary Gem Shape: Round <br>Primary Gem Color: G-H <br>Primary Gem Clarity: I1-I2 <br>Primary Gem Setting: Prong-set <br>Primary Gem Carat Weight: 0.05 <br>Gem2 Type: Diamond <br>Gem2 Shape: Round <br>Gem2 Color: G-H <br>Gem2 Clarity: I1-I2 <br>Gem2 Setting: Prong-set <br>Gem 2 Carat Weight: 0.25 <br>Gem 3 Carat Weight: None <br>,gndatlanta,,API,TRUE,,,,,,,JAP05570T/W,,,100,deny,manual,$354.00 ,$773.00 ,TRUE,TRUE,,https://www.gndatlanta.com/product/image/large/c0534749_1.jpg,1,,FALSE,14k White Gold Round Diamond Geometric Cluster Necklace 1/3 Cttw,,,,,,gndatlanta,,new,,Wholesale Diamonds,,,,,,,,
14k-White-Gold-Round DIAMOND-Floral-Cluster-Necklace-1/3-Cttw,14k White Gold Round Diamond Floral Cluster Necklace 1/3 Cttw,Precious Metal Type: 14kt White Gold <br>Approx. Gram Weight: 1.1542 <br>Total Gemstone Carat Weight: 1/3 <br>Primary Gem Type: Diamond <br>Primary Gem Shape: Round <br>Primary Gem Color: G-H <br>Primary Gem Clarity: I1-I2 <br>Primary Gem Setting: Prong-set <br>Primary Gem Carat Weight: 0.34 <br>Gem 2 Carat Weight: None <br>Gem 3 Carat Weight: None <br>,gndatlanta,,API,TRUE,,,,,,,JAP05640T/W,,,100,deny,manual,$354.00 ,$773.00 ,TRUE,TRUE,,https://www.gndatlanta.com/product/image/large/c0631846_1.jpg,1,,FALSE,14k White Gold Round Diamond Floral Cluster Necklace 1/3 Cttw,,,,,,gndatlanta,,new,,Wholesale Diamonds,,,,,,,,
10k-White-Gold-Round DIAMOND-Horizontal-Cross-Necklace-1/20-Cttw,10k White Gold Round Diamond Horizontal Cross Necklace 1/20 Cttw,Precious Metal Type: 10kt White Gold <br>Approx. Gram Weight: 0.495 <br>Total Gemstone Carat Weight: 1/20 <br>Primary Gem Type: Diamond <br>Primary Gem Shape: Round <br>Primary Gem Color: G-H <br>Primary Gem Clarity: I2-I3 <br>Primary Gem Setting: Prong-set <br>Primary Gem Carat Weight: 0.06 <br>Gem 2 Carat Weight: None <br>Gem 3 Carat Weight: None <br>,gndatlanta,,API,TRUE,,,,,,,PC1575/W,,,100,deny,manual,$107.00 ,$212.00 ,TRUE,TRUE,,https://www.gndatlanta.com/product/image/large/c0180499_1.jpg,1,,FALSE,10k White Gold Round Diamond Horizontal Cross Necklace 1/20 Cttw,,,,,,gndatlanta,,new,,Wholesale Diamonds,,,,,,,,
1CTW-DIA-CROSS-PENDANT,1CTW DIAMOND CROSS PENDANT,Precious Metal Type: 14kt White Gold <br>Approx. Gram Weight: 0.197 <br>Primary Gem Carat Weight: 0 <br>Gem 2 Carat Weight: None <br>Gem 3 Carat Weight: None <br>,gndatlanta,,API,TRUE,,,,,,,GNDPD546/W,,,100,deny,manual,$871.00 ,"$1,948.00 ",TRUE,TRUE,,https://www.gndatlanta.com/product/image/large/c1589872_1.jpg,1,,FALSE,1CTW-DIA CROSS PENDANT,,,,,,gndatlanta,,new,,Wholesale Diamonds,,,,,,,,
14k-White-Gold-Round DIAMOND-Cluster-Cross-Pendant-1-1/3-Cttw,14k White Gold Round Diamond Cluster Cross Pendant 1-1/3 Cttw,Precious Metal Type: 14kt White Gold <br>Approx. Gram Weight: 0.2778 <br>Total Gemstone Carat Weight: 1 & 1/3 <br>Primary Gem Type: Diamond <br>Primary Gem Shape: Round <br>Primary Gem Color: G-H <br>Primary Gem Clarity: I1-I2 <br>Primary Gem Setting: Prong-set <br>Primary Gem Carat Weight: 1.34 <br>Gem 2 Carat Weight: None <br>Gem 3 Carat Weight: None <br>,gndatlanta,,API,TRUE,,,,,,,PNS112053SLWCZ1/W,,,100,deny,manual,$794.00 ,"$1,773.00 ",TRUE,TRUE,,https://www.gndatlanta.com/product/image/large/c0773987_1.jpg,1,,FALSE,14k White Gold Round Diamond Cluster Cross Pendant 1-1/3 Cttw,,,,,,gndatlanta,,new,,Wholesale Diamonds,,,,,,,,
14k-White-Gold-Round DIAMOND-Cluster-Cross-Pendant-1-1/3-Cttw,,,,,API,,,,,,,,,,,,,,,,,,,https://www.gndatlanta.com/product/image/large/c0773987_2.jpg,,,,,,,,,,,,new,,,,,,,,,,
14k-White-Gold-Baguette DIAMOND-Square-Cluster-Pendant-1-Cttw,14k White Gold Baguette Diamond Square Cluster Pendant 1 Cttw,Precious Metal Type: 14kt White Gold <br>Approx. Gram Weight: 2.982 <br>Total Gemstone Carat Weight: 1 <br>Primary Gem Type: Diamond <br>Primary Gem Shape: Baguette <br>Primary Gem Color: G-H <br>Primary Gem Clarity: I1 <br>Primary Gem Setting: Channel-set <br>Primary Gem Carat Weight: 0.39 <br>Gem2 Type: Diamond <br>Gem2 Shape: Round <br>Gem2 Color: G-H <br>Gem2 Clarity: I1-I2 <br>Gem2 Setting: Pave-set <br>Gem 2 Carat Weight: 0.62 <br>Gem 3 Carat Weight: None <br>,gndatlanta,,API,TRUE,,,,,,,PC16629PA/W,,,100,deny,manual,$794.00 ,"$1,773.00 ",TRUE,TRUE,,https://www.gndatlanta.com/product/image/large/c0542055_1.jpg,1,,FALSE,14k White Gold Baguette Diamond Square Cluster Pendant 1 Cttw,,,,,,gndatlanta,,new,,Wholesale Diamonds,,,,,,,,
14k-White-Gold-Baguette DIAMOND-Square-Cluster-Pendant-1-Cttw,,,,,API,,,,,,,,,,,,,,,,,,,https://www.gndatlanta.com/product/image/large/c0542055_2.jpg,,,,,,,,,,,,new,,,,,,,,,,
14k-White-Gold-Round DIAMOND-Peace-Sign-Circle-Pendant-3/4-Cttw,14k White Gold Round Diamond Peace Sign Circle Pendant 3/4 Cttw,Precious Metal Type: 14kt White Gold <br>Approx. Gram Weight: 2.03 <br>Total Gemstone Carat Weight: 3/4 <br>Primary Gem Type: Diamond <br>Primary Gem Shape: Round <br>Primary Gem Color: G-H <br>Primary Gem Clarity: I1-I2 <br>Primary Gem Setting: Pave-set <br>Primary Gem Carat Weight: 0.78 <br>Gem 2 Carat Weight: None <br>Gem 3 Carat Weight: None <br>,gndatlanta,,API,TRUE,,,,,,,FOPR2553/W-14K,,,100,deny,manual,$430.00 ,$947.00 ,TRUE,TRUE,,https://www.gndatlanta.com/product/image/large/c0148799_1.jpg,1,,FALSE,14k White Gold Round Diamond Peace Sign Circle Pendant 3/4 Cttw,,,,,,gndatlanta,,new,,Wholesale Diamonds,,,,,,,,
1/3CTW-DIA-CROSS-PENDANT,1/3CTW DIAMOND CROSS PENDANT,Precious Metal Type: 10kt White Gold <br>Approx. Gram Weight: 1.24 <br>Primary Gem Carat Weight: 0 <br>Gem 2 Carat Weight: None <br>Gem 3 Carat Weight: None <br>,gndatlanta,,API,TRUE,,,,,,,GNDPD508/W,,,100,deny,manual,$189.00 ,$399.00 ,TRUE,TRUE,,https://www.gndatlanta.com/product/image/large/c1553880_1.jpg,1,,FALSE,1/3CTW-DIA CROSS PENDANT,,,,,,gndatlanta,,new,,Wholesale Diamonds,,,,,,,,
14k-White-Gold-Round DIAMOND-Flower-Cluster-Pendant-1/2-Cttw,14k White Gold Round Diamond Flower Cluster Pendant 1/2 Cttw,Precious Metal Type: 14kt White Gold <br>Approx. Gram Weight: 1.346 <br>Total Gemstone Carat Weight: 1/2 <br>Primary Gem Type: Diamond <br>Primary Gem Shape: Round <br>Primary Gem Color: G-H <br>Primary Gem Clarity: I1 <br>Primary Gem Setting: Cluster <br>Primary Gem Carat Weight: 0.5 <br>Gem 2 Carat Weight: None <br>Gem 3 Carat Weight: None <br>,gndatlanta,,,TRUE,,,,,,,PL2015/W,,,100,deny,manual,$354.00 ,$773.00 ,TRUE,TRUE,,https://www.gndatlanta.com/product/image/large/c0193129_2.jpg,1,,FALSE,14k White Gold Round Diamond Flower Cluster Pendant 1/2 Cttw,,,,,,gndatlanta,,new,,Wholesale Diamonds,,,,,,,,
14k-White-Gold-Round DIAMOND-Flower-Cluster-Pendant-1/2-Cttw,,,,,,,,,,,,,,,,,,,,,,,,https://www.gndatlanta.com/product/image/large/c0193129_3.jpg,,,,,,,,,,,,new,,,,,,,,,,
14k-White-Gold-Round DIAMOND-Flower-Cluster-Pendant-1/2-Cttw,,,,,,,,,,,,,,,,,,,,,,,,https://www.gndatlanta.com/product/image/large/c0193129_1.jpg,,,,,,,,,,,,new,,,,,,,,,,
14k-White-Gold-Round DIAMOND-Outline-Heart-Pendant-2-Cttw,14k White Gold Round Diamond Outline Heart Pendant 2 Cttw,Precious Metal Type: 14kt White Gold <br>Approx. Gram Weight: 4.58 <br>Total Gemstone Carat Weight: 2 <br>Primary Gem Type: Diamond <br>Primary Gem Shape: Round <br>Primary Gem Color: G-H <br>Primary Gem Clarity: I2 <br>Primary Gem Setting: Prong-set <br>Primary Gem Carat Weight: 1.97 <br>Gem 2 Carat Weight: None <br>Gem 3 Carat Weight: None <br>,gndatlanta,,,TRUE,,,,,,,AJP09846/W,,,100,deny,manual,"$1,102.00 ","$2,473.00 ",TRUE,TRUE,,https://www.gndatlanta.com/product/image/large/c0622977_2.jpg,1,,FALSE,14k White Gold Round Diamond Outline Heart Pendant 2 Cttw,,,,,,gndatlanta,,new,,Wholesale Diamonds,,,,,,,,
14k-White-Gold-Round DIAMOND-Outline-Heart-Pendant-2-Cttw,,,,,,,,,,,,,,,,,,,,,,,,https://www.gndatlanta.com/product/image/large/c0622977_1.jpg,,,,,,,,,,,,new,,,,,,,,,,
10k-Yellow-Gold-Round DIAMOND-Heart-Pendant-1/4-Cttw,10k Yellow Gold Round Diamond Heart Pendant 1/4 Cttw,Precious Metal Type: 10kt Yellow Gold <br>Approx. Gram Weight: 1.6 <br>Total Gemstone Carat Weight: 1/4 <br>Primary Gem Type: Diamond <br>Primary Gem Shape: Round <br>Primary Gem Color: G-H <br>Primary Gem Clarity: I3 <br>Primary Gem Setting: Pave-set <br>Primary Gem Carat Weight: 0.25 <br>Gem 2 Carat Weight: None <br>Gem 3 Carat Weight: None <br>,gndatlanta,,,TRUE,,,,,,,PWW2135,,,100,deny,manual,$178.00 ,$373.00 ,TRUE,TRUE,,https://www.gndatlanta.com/product/image/large/c0196553_1.jpg,1,,FALSE,10k Yellow Gold Round Diamond Heart Pendant 1/4 Cttw,,,,,,gndatlanta,,new,,Wholesale Diamonds,,,,,,,,
10k-White-Gold-Round DIAMOND-Cross-Pendant-1/6-Cttw,10k White Gold Round Diamond Cross Pendant 1/6 Cttw,Precious Metal Type: 10kt White Gold <br>Approx. Gram Weight: 0.83 <br>Total Gemstone Carat Weight: 1/6 <br>Primary Gem Type: Diamond <br>Primary Gem Shape: Round <br>Primary Gem Color: G-H <br>Primary Gem Clarity: I2 <br>Primary Gem Setting: Prong-set <br>Primary Gem Carat Weight: 0.16 <br>Gem 2 Carat Weight: None <br>Gem 3 Carat Weight: None <br>,gndatlanta,,,TRUE,,,,,,,PWW2854/W,,,100,deny,manual,$112.00 ,$224.00 ,TRUE,TRUE,,https://www.gndatlanta.com/product/image/large/c0380255_2.jpg,1,,FALSE,10k White Gold Round Diamond Cross Pendant 1/6 Cttw,,,,,,gndatlanta,,new,,Wholesale Diamonds,,,,,,,,
10k-White-Gold-Round DIAMOND-Cross-Pendant-1/6-Cttw,,,,,,,,,,,,,,,,,,,,,,,,https://www.gndatlanta.com/product/image/large/c0380255_3.jpg,,,,,,,,,,,,new,,,,,,,,,,
10k-White-Gold-Round DIAMOND-Cross-Pendant-1/6-Cttw,,,,,,,,,,,,,,,,,,,,,,,,https://www.gndatlanta.com/product/image/large/c0380255_1.jpg,,,,,,,,,,,,new,,,,,,,,,,
10k-White-Gold-Round DIAMOND-Cluster-Pendant-1/4-Cttw,10k White Gold Round Diamond Cluster Pendant 1/4 Cttw,Precious Metal Type: 10kt White Gold <br>Approx. Gram Weight: 0.892 <br>Total Gemstone Carat Weight: 1/4 <br>Primary Gem Type: Diamond <br>Primary Gem Shape: Round <br>Primary Gem Color: G-H <br>Primary Gem Clarity: I2 <br>Primary Gem Setting: Pave-set <br>Primary Gem Carat Weight: 0.27 <br>Gem 2 Carat Weight: None <br>Gem 3 Carat Weight: None <br>,gndatlanta,,,TRUE,,,,,,,PWW2242/W,,,100,deny,manual,$167.00 ,$348.00 ,TRUE,TRUE,,https://www.gndatlanta.com/product/image/large/c0196685_2.jpg,1,,FALSE,10k White Gold Round Diamond Cluster Pendant 1/4 Cttw,,,,,,gndatlanta,,new,,Wholesale Diamonds,,,,,,,,
10k-White-Gold-Round DIAMOND-Cluster-Pendant-1/4-Cttw,,,,,,,,,,,,,,,,,,,,,,,,https://www.gndatlanta.com/product/image/large/c0196685_1.jpg,,,,,,,,,,,,new,,,,,,,,,,
14k-White-Gold-Princess DIAMOND-Heart-Pendant-2-Cttw,14k White Gold Princess Diamond Heart Pendant 2 Cttw,Precious Metal Type: 14kt White Gold <br>Approx. Gram Weight: 8.93 <br>Total Gemstone Carat Weight: 2 <br>Primary Gem Type: Diamond <br>Primary Gem Shape: Princess <br>Primary Gem Color: G-H <br>Primary Gem Clarity: I2 <br>Primary Gem Setting: Invisible-set <br>Primary Gem Carat Weight: 2 <br>Gem 2 Carat Weight: None <br>Gem 3 Carat Weight: None <br>,gndatlanta,,,TRUE,,,,,,,PL613/NB/W,,,100,deny,manual,"$1,509.00 ","$3,399.00 ",TRUE,TRUE,,https://www.gndatlanta.com/product/image/large/c0193429_1.jpg,1,,FALSE,14k White Gold Princess Diamond Heart Pendant 2 Cttw,,,,,,gndatlanta,,new,,Wholesale Diamonds,,,,,,,,
14k-White-Gold-Round DIAMOND-Solitaire-Pendant-1/2-Cttw-(Certified),14k White Gold Round Diamond Solitaire Pendant 1/2 Cttw (Certified),Precious Metal Type: 14kt White Gold <br>Approx. Gram Weight: 1.094 <br>Total Gemstone Carat Weight: 1/2 <br>Primary Gem Type: Diamond <br>Primary Gem Shape: Round <br>Primary Gem Color: I-J <br>Primary Gem Clarity: I2 <br>Primary Gem Setting: 4-prong <br>Primary Gem Carat Weight: 0.47 <br>Gem 2 Carat Weight: None <br>Gem 3 Carat Weight: None <br>,gndatlanta,,,TRUE,,,,,,,RPI2HGHW,,,100,deny,manual,$547.00 ,"$1,212.00 ",TRUE,TRUE,,https://www.gndatlanta.com/product/image/large/c0211896_2.jpg,1,,FALSE,14k White Gold Round Diamond Solitaire Pendant 1/2 Cttw (Certified),,,,,,gndatlanta,,new,,Wholesale Diamonds,,,,,,,,
14k-White-Gold-Round DIAMOND-Solitaire-Pendant-1/2-Cttw-(Certified),,,,,,,,,,,,,,,,,,,,,,,,https://www.gndatlanta.com/product/image/large/c0211896_1.jpg,,,,,,,,,,,,new,,,,,,,,,,
10k-Yellow-Gold-Round DIAMOND-Cross-Charm-Pendant-3/4-Cttw,10k Yellow Gold Round Diamond Cross Charm Pendant 3/4 Cttw,Precious Metal Type: 10kt Yellow Gold <br>Approx. Gram Weight: 1.663 <br>Total Gemstone Carat Weight: 3/4 <br>Primary Gem Type: Diamond <br>Primary Gem Shape: Round <br>Primary Gem Color: G-H <br>Primary Gem Clarity: I2 <br>Primary Gem Setting: Prong-set <br>Primary Gem Carat Weight: 0.37 <br>Gem2 Type: Diamond <br>Gem2 Shape: Round <br>Gem2 Color: J-K <br>Gem2 Clarity: I2 <br>Gem2 Setting: Prong-set <br>Gem 2 Carat Weight: 0.39 <br>Gem 3 Carat Weight: None <br>,gndatlanta,,,TRUE,,,,,,,PC8317,,,100,deny,manual,$475.00 ,"$1,049.00 ",TRUE,TRUE,,https://www.gndatlanta.com/product/image/large/c1025312_1.jpg,1,,FALSE,10k Yellow Gold Round Diamond Cross Charm Pendant 3/4 Cttw,,,,,,gndatlanta,,new,,Wholesale Diamonds,,,,,,,,
14k-White-Gold-Princess DIAMOND-Fashion-Cluster-Pendant-2-Cttw,14k White Gold Princess Diamond Fashion Cluster Pendant 2 Cttw,Precious Metal Type: 14kt White Gold <br>Approx. Gram Weight: 3.28 <br>Total Gemstone Carat Weight: 2 <br>Primary Gem Type: Diamond <br>Primary Gem Shape: Princess <br>Primary Gem Color: G-H <br>Primary Gem Clarity: I1 <br>Primary Gem Setting: Invisible-set <br>Primary Gem Carat Weight: 0.8 <br>Gem2 Type: Diamond <br>Gem2 Shape: Round <br>Gem2 Color: G-H <br>Gem2 Clarity: I1 <br>Gem2 Setting: Pave-set <br>Gem 2 Carat Weight: 1.2 <br>Gem 3 Carat Weight: None <br>,gndatlanta,,,TRUE,,,,,,,P39464/W,,,100,deny,manual,"$2,004.00 ","$4,523.00 ",TRUE,TRUE,,https://www.gndatlanta.com/product/image/large/c0177671_1.jpg,1,,FALSE,14k White Gold Princess Diamond Fashion Cluster Pendant 2 Cttw,,,,,,gndatlanta,,new,,Wholesale Diamonds,,,,,,,,
10k-White-Gold-Round DIAMOND-Cluster-Pendant-1-1/2-Cttw,10k White Gold Round Diamond Cluster Pendant 1-1/2 Cttw,Precious Metal Type: 10kt White Gold <br>Approx. Gram Weight: 4.19 <br>Total Gemstone Carat Weight: 1 & 1/2 <br>Primary Gem Type: Diamond <br>Primary Gem Shape: Round <br>Primary Gem Color: G-H <br>Primary Gem Clarity: I1 <br>Primary Gem Setting: Pave-set <br>Primary Gem Carat Weight: 0.18 <br>Gem2 Type: Diamond <br>Gem2 Shape: Round <br>Gem2 Color: G-H <br>Gem2 Clarity: I1-I2 <br>Gem2 Setting: Pave-set <br>Gem 2 Carat Weight: 0.83 <br>Gem3 Type: Diamond <br>Gem3 Shape: Round <br>Gem3 Color: G-H <br>Gem3 Clarity: I1-I2 <br>Gem3 Setting: Pave-set <br>Gem 3 Carat Weight: 0.46 <br>,gndatlanta,,,TRUE,,,,,,,PWW2246/W,,,100,deny,manual,$988.00 ,"$2,213.00 ",TRUE,TRUE,,https://www.gndatlanta.com/product/image/large/c0196704_1.jpg,1,,FALSE,10k White Gold Round Diamond Cluster Pendant 1-1/2 Cttw,,,,,,gndatlanta,,new,,Wholesale Diamonds,,,,,,,,
10k-White-Gold-Round DIAMOND-Cluster-Pendant-1-1/2-Cttw,,,,,,,,,,,,,,,,,,,,,,,,https://www.gndatlanta.com/product/image/large/c0196704_2.jpg,,,,,,,,,,,,new,,,,,,,,,,
10k-White-Gold-Round DIAMOND-Cluster-Pendant-1-Cttw,10k White Gold Round Diamond Cluster Pendant 1 Cttw,Precious Metal Type: 10kt White Gold <br>Approx. Gram Weight: 2.07 <br>Total Gemstone Carat Weight: 1 <br>Primary Gem Type: Diamond <br>Primary Gem Shape: Round <br>Primary Gem Color: G-H <br>Primary Gem Clarity: I1-I2 <br>Primary Gem Setting: Pave-set <br>Primary Gem Carat Weight: 1 <br>Gem 2 Carat Weight: None <br>Gem 3 Carat Weight: None <br>,gndatlanta,,,TRUE,,,,,,,PWW2245/W,,,100,deny,manual,$629.00 ,"$1,397.00 ",TRUE,TRUE,,https://www.gndatlanta.com/product/image/large/c0196699_2.jpg,1,,FALSE,10k White Gold Round Diamond Cluster Pendant 1 Cttw,,,,,,gndatlanta,,new,,Wholesale Diamonds,,,,,,,,
10k-White-Gold-Round DIAMOND-Cluster-Pendant-1-Cttw,,,,,,,,,,,,,,,,,,,,,,,,https://www.gndatlanta.com/product/image/large/c0196699_1.jpg,,,,,,,,,,,,new,,,,,,,,,,
10kt-White-Gold-Round DIAMOND-Cindys-Dream-Circle-Cluster-Pendant-1/2-Cttw,10kt White Gold Round Diamond Cindys Dream Circle Cluster Pendant 1/2 Cttw,Precious Metal Type: 10kt White Gold <br>Approx. Gram Weight: 1.3704 <br>Total Gemstone Carat Weight: 1/2 <br>Primary Gem Type: Diamond <br>Primary Gem Shape: Round <br>Primary Gem Color: G-H <br>Primary Gem Clarity: I2 <br>Primary Gem Setting: Prong-set <br>Primary Gem Carat Weight: 0.06 <br>Gem2 Type: Diamond <br>Gem2 Shape: Round <br>Gem2 Color: G-H <br>Gem2 Clarity: I2 <br>Gem2 Setting: Prong-set <br>Gem 2 Carat Weight: 0.44 <br>Gem 3 Carat Weight: None <br>,gndatlanta,,,TRUE,,,,,,,PWW2243/W,,,100,deny,manual,$277.00 ,$598.00 ,TRUE,TRUE,,https://www.gndatlanta.com/product/image/large/c0196689_2.jpg,1,,FALSE,10kt White Gold Round Diamond Cindys Dream Circle Cluster Pendant 1/2 Cttw,,,,,,gndatlanta,,new,,Wholesale Diamonds,,,,,,,,
10kt-White-Gold-Round DIAMOND-Cindys-Dream-Circle-Cluster-Pendant-1/2-Cttw,,,,,,,,,,,,,,,,,,,,,,,,https://www.gndatlanta.com/product/image/large/c0196689_1.jpg,,,,,,,,,,,,new,,,,,,,,,,
10k-White-Gold-Round DIAMOND-Cluster-Pendant-2-Cttw,10k White Gold Round Diamond Cluster Pendant 2 Cttw,Precious Metal Type: 10kt White Gold <br>Approx. Gram Weight: 5.745 <br>Total Gemstone Carat Weight: 2 <br>Primary Gem Type: Diamond <br>Primary Gem Shape: Round <br>Primary Gem Color: G-H <br>Primary Gem Clarity: I2 <br>Primary Gem Setting: Pave-set <br>Primary Gem Carat Weight: 1.98 <br>Gem 2 Carat Weight: None <br>Gem 3 Carat Weight: None <br>,gndatlanta,,,TRUE,,,,,,,PWW2247/W,,,100,deny,manual,"$1,509.00 ","$3,399.00 ",TRUE,TRUE,,https://www.gndatlanta.com/product/image/large/c0196709_2.jpg,1,,FALSE,10k White Gold Round Diamond Cluster Pendant 2 Cttw,,,,,,gndatlanta,,new,,Wholesale Diamonds,,,,,,,,
10k-White-Gold-Round DIAMOND-Cluster-Pendant-2-Cttw,,,,,,,,,,,,,,,,,,,,,,,,https://www.gndatlanta.com/product/image/large/c0196709_1.jpg,,,,,,,,,,,,new,,,,,,,,,,
14k-White-Gold-Baguette DIAMOND-Fashion-Anniversary-Ring-1-Cttw,14k White Gold Baguette Diamond Fashion Anniversary Ring 1 Cttw,Precious Metal Type: 14kt White Gold <br>Approx. Gram Weight: 4.298 <br>Total Gemstone Carat Weight: 1 <br>Primary Gem Type: Diamond <br>Primary Gem Shape: Baguette <br>Primary Gem Color: G-H <br>Primary Gem Clarity: I2 <br>Primary Gem Setting: Channel-set <br>Primary Gem Carat Weight: 0.32 <br>Gem2 Type: Diamond <br>Gem2 Shape: Round <br>Gem2 Color: G-H <br>Gem2 Clarity: I2 <br>Gem2 Setting: Prong-set <br>Gem 2 Carat Weight: 0.66 <br>Gem 3 Carat Weight: None <br>,gndatlanta,,,TRUE,Ring size,4,,,,,PC14929RA/W,,,100,deny,manual,$684.00 ,"$1,523.00 ",TRUE,TRUE,,https://www.gndatlanta.com/product/image/large/c0180453_2.jpg,1,,FALSE,14k White Gold Baguette Diamond Fashion Anniversary Ring 1 Cttw,,,,,,gndatlanta,,new,,Wholesale Diamonds,,,,,,,,
14k-White-Gold-Baguette DIAMOND-Fashion-Anniversary-Ring-1-Cttw,14k White Gold Baguette Diamond Fashion Anniversary Ring 1 Cttw,Precious Metal Type: 14kt White Gold <br>Approx. Gram Weight: 4.298 <br>Total Gemstone Carat Weight: 1 <br>Primary Gem Type: Diamond <br>Primary Gem Shape: Baguette <br>Primary Gem Color: G-H <br>Primary Gem Clarity: I2 <br>Primary Gem Setting: Channel-set <br>Primary Gem Carat Weight: 0.32 <br>Gem2 Type: Diamond <br>Gem2 Shape: Round <br>Gem2 Color: G-H <br>Gem2 Clarity: I2 <br>Gem2 Setting: Prong-set <br>Gem 2 Carat Weight: 0.66 <br>Gem 3 Carat Weight: None <br>,gndatlanta,,,TRUE,Ring size,4.5,,,,,PC14929RA/W,,,100,deny,manual,$684.00 ,"$1,523.00 ",TRUE,TRUE,,https://www.gndatlanta.com/product/image/large/c0180453_2.jpg,1,,FALSE,14k White Gold Baguette Diamond Fashion Anniversary Ring 1 Cttw,,,,,,gndatlanta,,new,,Wholesale Diamonds,,,,,,,,
14k-White-Gold-Baguette DIAMOND-Fashion-Anniversary-Ring-1-Cttw,14k White Gold Baguette Diamond Fashion Anniversary Ring 1 Cttw,Precious Metal Type: 14kt White Gold <br>Approx. Gram Weight: 4.298 <br>Total Gemstone Carat Weight: 1 <br>Primary Gem Type: Diamond <br>Primary Gem Shape: Baguette <br>Primary Gem Color: G-H <br>Primary Gem Clarity: I2 <br>Primary Gem Setting: Channel-set <br>Primary Gem Carat Weight: 0.32 <br>Gem2 Type: Diamond <br>Gem2 Shape: Round <br>Gem2 Color: G-H <br>Gem2 Clarity: I2 <br>Gem2 Setting: Prong-set <br>Gem 2 Carat Weight: 0.66 <br>Gem 3 Carat Weight: None <br>,gndatlanta,,,TRUE,Ring size,5,,,,,PC14929RA/W,,,100,deny,manual,$684.00 ,"$1,523.00 ",TRUE,TRUE,,https://www.gndatlanta.com/product/image/large/c0180453_2.jpg,1,,FALSE,14k White Gold Baguette Diamond Fashion Anniversary Ring 1 Cttw,,,,,,gndatlanta,,new,,Wholesale Diamonds,,,,,,,,
14k-White-Gold-Baguette DIAMOND-Fashion-Anniversary-Ring-1-Cttw,14k White Gold Baguette Diamond Fashion Anniversary Ring 1 Cttw,Precious Metal Type: 14kt White Gold <br>Approx. Gram Weight: 4.298 <br>Total Gemstone Carat Weight: 1 <br>Primary Gem Type: Diamond <br>Primary Gem Shape: Baguette <br>Primary Gem Color: G-H <br>Primary Gem Clarity: I2 <br>Primary Gem Setting: Channel-set <br>Primary Gem Carat Weight: 0.32 <br>Gem2 Type: Diamond <br>Gem2 Shape: Round <br>Gem2 Color: G-H <br>Gem2 Clarity: I2 <br>Gem2 Setting: Prong-set <br>Gem 2 Carat Weight: 0.66 <br>Gem 3 Carat Weight: None <br>,gndatlanta,,,TRUE,Ring size,5.5,,,,,PC14929RA/W,,,100,deny,manual,$684.00 ,"$1,523.00 ",TRUE,TRUE,,https://www.gndatlanta.com/product/image/large/c0180453_2.jpg,1,,FALSE,14k White Gold Baguette Diamond Fashion Anniversary Ring 1 Cttw,,,,,,gndatlanta,,new,,Wholesale Diamonds,,,,,,,,
14k-White-Gold-Baguette DIAMOND-Fashion-Anniversary-Ring-1-Cttw,14k White Gold Baguette Diamond Fashion Anniversary Ring 1 Cttw,Precious Metal Type: 14kt White Gold <br>Approx. Gram Weight: 4.298 <br>Total Gemstone Carat Weight: 1 <br>Primary Gem Type: Diamond <br>Primary Gem Shape: Baguette <br>Primary Gem Color: G-H <br>Primary Gem Clarity: I2 <br>Primary Gem Setting: Channel-set <br>Primary Gem Carat Weight: 0.32 <br>Gem2 Type: Diamond <br>Gem2 Shape: Round <br>Gem2 Color: G-H <br>Gem2 Clarity: I2 <br>Gem2 Setting: Prong-set <br>Gem 2 Carat Weight: 0.66 <br>Gem 3 Carat Weight: None <br>,gndatlanta,,,TRUE,Ring size,6,,,,,PC14929RA/W,,,100,deny,manual,$684.00 ,"$1,523.00 ",TRUE,TRUE,,https://www.gndatlanta.com/product/image/large/c0180453_2.jpg,1,,FALSE,14k White Gold Baguette Diamond Fashion Anniversary Ring 1 Cttw,,,,,,gndatlanta,,new,,Wholesale Diamonds,,,,,,,,
14k-White-Gold-Baguette DIAMOND-Fashion-Anniversary-Ring-1-Cttw,14k White Gold Baguette Diamond Fashion Anniversary Ring 1 Cttw,Precious Metal Type: 14kt White Gold <br>Approx. Gram Weight: 4.298 <br>Total Gemstone Carat Weight: 1 <br>Primary Gem Type: Diamond <br>Primary Gem Shape: Baguette <br>Primary Gem Color: G-H <br>Primary Gem Clarity: I2 <br>Primary Gem Setting: Channel-set <br>Primary Gem Carat Weight: 0.32 <br>Gem2 Type: Diamond <br>Gem2 Shape: Round <br>Gem2 Color: G-H <br>Gem2 Clarity: I2 <br>Gem2 Setting: Prong-set <br>Gem 2 Carat Weight: 0.66 <br>Gem 3 Carat Weight: None <br>,gndatlanta,,,TRUE,Ring size,6.5,,,,,PC14929RA/W,,,100,deny,manual,$684.00 ,"$1,523.00 ",TRUE,TRUE,,https://www.gndatlanta.com/product/image/large/c0180453_2.jpg,1,,FALSE,14k White Gold Baguette Diamond Fashion Anniversary Ring 1 Cttw,,,,,,gndatlanta,,new,,Wholesale Diamonds,,,,,,,,
14k-White-Gold-Baguette DIAMOND-Fashion-Anniversary-Ring-1-Cttw,14k White Gold Baguette Diamond Fashion Anniversary Ring 1 Cttw,Precious Metal Type: 14kt White Gold <br>Approx. Gram Weight: 4.298 <br>Total Gemstone Carat Weight: 1 <br>Primary Gem Type: Diamond <br>Primary Gem Shape: Baguette <br>Primary Gem Color: G-H <br>Primary Gem Clarity: I2 <br>Primary Gem Setting: Channel-set <br>Primary Gem Carat Weight: 0.32 <br>Gem2 Type: Diamond <br>Gem2 Shape: Round <br>Gem2 Color: G-H <br>Gem2 Clarity: I2 <br>Gem2 Setting: Prong-set <br>Gem 2 Carat Weight: 0.66 <br>Gem 3 Carat Weight: None <br>,gndatlanta,,,TRUE,Ring size,7,,,,,PC14929RA/W,,,100,deny,manual,$684.00 ,"$1,523.00 ",TRUE,TRUE,,https://www.gndatlanta.com/product/image/large/c0180453_2.jpg,1,,FALSE,14k White Gold Baguette Diamond Fashion Anniversary Ring 1 Cttw,,,,,,gndatlanta,,new,,Wholesale Diamonds,,,,,,,,
14k-White-Gold-Baguette DIAMOND-Fashion-Anniversary-Ring-1-Cttw,14k White Gold Baguette Diamond Fashion Anniversary Ring 1 Cttw,Precious Metal Type: 14kt White Gold <br>Approx. Gram Weight: 4.298 <br>Total Gemstone Carat Weight: 1 <br>Primary Gem Type: Diamond <br>Primary Gem Shape: Baguette <br>Primary Gem Color: G-H <br>Primary Gem Clarity: I2 <br>Primary Gem Setting: Channel-set <br>Primary Gem Carat Weight: 0.32 <br>Gem2 Type: Diamond <br>Gem2 Shape: Round <br>Gem2 Color: G-H <br>Gem2 Clarity: I2 <br>Gem2 Setting: Prong-set <br>Gem 2 Carat Weight: 0.66 <br>Gem 3 Carat Weight: None <br>,gndatlanta,,,TRUE,Ring size,7.5,,,,,PC14929RA/W,,,100,deny,manual,$684.00 ,"$1,523.00 ",TRUE,TRUE,,https://www.gndatlanta.com/product/image/large/c0180453_2.jpg,1,,FALSE,14k White Gold Baguette Diamond Fashion Anniversary Ring 1 Cttw,,,,,,gndatlanta,,new,,Wholesale Diamonds,,,,,,,,
14k-White-Gold-Baguette DIAMOND-Fashion-Anniversary-Ring-1-Cttw,14k White Gold Baguette Diamond Fashion Anniversary Ring 1 Cttw,Precious Metal Type: 14kt White Gold <br>Approx. Gram Weight: 4.298 <br>Total Gemstone Carat Weight: 1 <br>Primary Gem Type: Diamond <br>Primary Gem Shape: Baguette <br>Primary Gem Color: G-H <br>Primary Gem Clarity: I2 <br>Primary Gem Setting: Channel-set <br>Primary Gem Carat Weight: 0.32 <br>Gem2 Type: Diamond <br>Gem2 Shape: Round <br>Gem2 Color: G-H <br>Gem2 Clarity: I2 <br>Gem2 Setting: Prong-set <br>Gem 2 Carat Weight: 0.66 <br>Gem 3 Carat Weight: None <br>,gndatlanta,,,TRUE,Ring size,8,,,,,PC14929RA/W,,,100,deny,manual,$684.00 ,"$1,523.00 ",TRUE,TRUE,,https://www.gndatlanta.com/product/image/large/c0180453_2.jpg,1,,FALSE,14k White Gold Baguette Diamond Fashion Anniversary Ring 1 Cttw,,,,,,gndatlanta,,new,,Wholesale Diamonds,,,,,,,,
14k-White-Gold-Baguette DIAMOND-Fashion-Anniversary-Ring-1-Cttw,14k White Gold Baguette Diamond Fashion Anniversary Ring 1 Cttw,Precious Metal Type: 14kt White Gold <br>Approx. Gram Weight: 4.298 <br>Total Gemstone Carat Weight: 1 <br>Primary Gem Type: Diamond <br>Primary Gem Shape: Baguette <br>Primary Gem Color: G-H <br>Primary Gem Clarity: I2 <br>Primary Gem Setting: Channel-set <br>Primary Gem Carat Weight: 0.32 <br>Gem2 Type: Diamond <br>Gem2 Shape: Round <br>Gem2 Color: G-H <br>Gem2 Clarity: I2 <br>Gem2 Setting: Prong-set <br>Gem 2 Carat Weight: 0.66 <br>Gem 3 Carat Weight: None <br>,gndatlanta,,,TRUE,Ring size,8.5,,,,,PC14929RA/W,,,100,deny,manual,$684.00 ,"$1,523.00 ",TRUE,TRUE,,https://www.gndatlanta.com/product/image/large/c0180453_2.jpg,1,,FALSE,14k White Gold Baguette Diamond Fashion Anniversary Ring 1 Cttw,,,,,,gndatlanta,,new,,Wholesale Diamonds,,,,,,,,
14k-White-Gold-Baguette DIAMOND-Fashion-Anniversary-Ring-1-Cttw,14k White Gold Baguette Diamond Fashion Anniversary Ring 1 Cttw,Precious Metal Type: 14kt White Gold <br>Approx. Gram Weight: 4.298 <br>Total Gemstone Carat Weight: 1 <br>Primary Gem Type: Diamond <br>Primary Gem Shape: Baguette <br>Primary Gem Color: G-H <br>Primary Gem Clarity: I2 <br>Primary Gem Setting: Channel-set <br>Primary Gem Carat Weight: 0.32 <br>Gem2 Type: Diamond <br>Gem2 Shape: Round <br>Gem2 Color: G-H <br>Gem2 Clarity: I2 <br>Gem2 Setting: Prong-set <br>Gem 2 Carat Weight: 0.66 <br>Gem 3 Carat Weight: None <br>,gndatlanta,,,TRUE,Ring size,9,,,,,PC14929RA/W,,,100,deny,manual,$684.00 ,"$1,523.00 ",TRUE,TRUE,,https://www.gndatlanta.com/product/image/large/c0180453_2.jpg,1,,FALSE,14k White Gold Baguette Diamond Fashion Anniversary Ring 1 Cttw,,,,,,gndatlanta,,new,,Wholesale Diamonds,,,,,,,,
14k-White-Gold-Baguette DIAMOND-Fashion-Anniversary-Ring-1-Cttw,14k White Gold Baguette Diamond Fashion Anniversary Ring 1 Cttw,Precious Metal Type: 14kt White Gold <br>Approx. Gram Weight: 4.298 <br>Total Gemstone Carat Weight: 1 <br>Primary Gem Type: Diamond <br>Primary Gem Shape: Baguette <br>Primary Gem Color: G-H <br>Primary Gem Clarity: I2 <br>Primary Gem Setting: Channel-set <br>Primary Gem Carat Weight: 0.32 <br>Gem2 Type: Diamond <br>Gem2 Shape: Round <br>Gem2 Color: G-H <br>Gem2 Clarity: I2 <br>Gem2 Setting: Prong-set <br>Gem 2 Carat Weight: 0.66 <br>Gem 3 Carat Weight: None <br>,gndatlanta,,,TRUE,Ring size,9.5,,,,,PC14929RA/W,,,100,deny,manual,$684.00 ,"$1,523.00 ",TRUE,TRUE,,https://www.gndatlanta.com/product/image/large/c0180453_2.jpg,1,,FALSE,14k White Gold Baguette Diamond Fashion Anniversary Ring 1 Cttw,,,,,,gndatlanta,,new,,Wholesale Diamonds,,,,,,,,
14k-White-Gold-Baguette DIAMOND-Fashion-Anniversary-Ring-1-Cttw,14k White Gold Baguette Diamond Fashion Anniversary Ring 1 Cttw,Precious Metal Type: 14kt White Gold <br>Approx. Gram Weight: 4.298 <br>Total Gemstone Carat Weight: 1 <br>Primary Gem Type: Diamond <br>Primary Gem Shape: Baguette <br>Primary Gem Color: G-H <br>Primary Gem Clarity: I2 <br>Primary Gem Setting: Channel-set <br>Primary Gem Carat Weight: 0.32 <br>Gem2 Type: Diamond <br>Gem2 Shape: Round <br>Gem2 Color: G-H <br>Gem2 Clarity: I2 <br>Gem2 Setting: Prong-set <br>Gem 2 Carat Weight: 0.66 <br>Gem 3 Carat Weight: None <br>,gndatlanta,,,TRUE,Ring size,10,,,,,PC14929RA/W,,,100,deny,manual,$684.00 ,"$1,523.00 ",TRUE,TRUE,,https://www.gndatlanta.com/product/image/large/c0180453_2.jpg,1,,FALSE,14k White Gold Baguette Diamond Fashion Anniversary Ring 1 Cttw,,,,,,gndatlanta,,new,,Wholesale Diamonds,,,,,,,,
14k-White-Gold-Baguette DIAMOND-Fashion-Anniversary-Ring-1-Cttw,14k White Gold Baguette Diamond Fashion Anniversary Ring 1 Cttw,Precious Metal Type: 14kt White Gold <br>Approx. Gram Weight: 4.298 <br>Total Gemstone Carat Weight: 1 <br>Primary Gem Type: Diamond <br>Primary Gem Shape: Baguette <br>Primary Gem Color: G-H <br>Primary Gem Clarity: I2 <br>Primary Gem Setting: Channel-set <br>Primary Gem Carat Weight: 0.32 <br>Gem2 Type: Diamond <br>Gem2 Shape: Round <br>Gem2 Color: G-H <br>Gem2 Clarity: I2 <br>Gem2 Setting: Prong-set <br>Gem 2 Carat Weight: 0.66 <br>Gem 3 Carat Weight: None <br>,gndatlanta,,,TRUE,Ring size,10.5,,,,,PC14929RA/W,,,100,deny,manual,$684.00 ,"$1,523.00 ",TRUE,TRUE,,https://www.gndatlanta.com/product/image/large/c0180453_2.jpg,1,,FALSE,14k White Gold Baguette Diamond Fashion Anniversary Ring 1 Cttw,,,,,,gndatlanta,,new,,Wholesale Diamonds,,,,,,,,
14k-White-Gold-Baguette DIAMOND-Fashion-Anniversary-Ring-1-Cttw,14k White Gold Baguette Diamond Fashion Anniversary Ring 1 Cttw,Precious Metal Type: 14kt White Gold <br>Approx. Gram Weight: 4.298 <br>Total Gemstone Carat Weight: 1 <br>Primary Gem Type: Diamond <br>Primary Gem Shape: Baguette <br>Primary Gem Color: G-H <br>Primary Gem Clarity: I2 <br>Primary Gem Setting: Channel-set <br>Primary Gem Carat Weight: 0.32 <br>Gem2 Type: Diamond <br>Gem2 Shape: Round <br>Gem2 Color: G-H <br>Gem2 Clarity: I2 <br>Gem2 Setting: Prong-set <br>Gem 2 Carat Weight: 0.66 <br>Gem 3 Carat Weight: None <br>,gndatlanta,,,TRUE,Ring size,11,,,,,PC14929RA/W,,,100,deny,manual,$684.00 ,"$1,523.00 ",TRUE,TRUE,,https://www.gndatlanta.com/product/image/large/c0180453_2.jpg,1,,FALSE,14k White Gold Baguette Diamond Fashion Anniversary Ring 1 Cttw,,,,,,gndatlanta,,new,,Wholesale Diamonds,,,,,,,,
14k-White-Gold-Baguette DIAMOND-Fashion-Anniversary-Ring-1-Cttw,14k White Gold Baguette Diamond Fashion Anniversary Ring 1 Cttw,Precious Metal Type: 14kt White Gold <br>Approx. Gram Weight: 4.298 <br>Total Gemstone Carat Weight: 1 <br>Primary Gem Type: Diamond <br>Primary Gem Shape: Baguette <br>Primary Gem Color: G-H <br>Primary Gem Clarity: I2 <br>Primary Gem Setting: Channel-set <br>Primary Gem Carat Weight: 0.32 <br>Gem2 Type: Diamond <br>Gem2 Shape: Round <br>Gem2 Color: G-H <br>Gem2 Clarity: I2 <br>Gem2 Setting: Prong-set <br>Gem 2 Carat Weight: 0.66 <br>Gem 3 Carat Weight: None <br>,gndatlanta,,,TRUE,Ring size,11.5,,,,,PC14929RA/W,,,100,deny,manual,$684.00 ,"$1,523.00 ",TRUE,TRUE,,https://www.gndatlanta.com/product/image/large/c0180453_2.jpg,1,,FALSE,14k White Gold Baguette Diamond Fashion Anniversary Ring 1 Cttw,,,,,,gndatlanta,,new,,Wholesale Diamonds,,,,,,,,
14k-White-Gold-Baguette DIAMOND-Fashion-Anniversary-Ring-1-Cttw,14k White Gold Baguette Diamond Fashion Anniversary Ring 1 Cttw,Precious Metal Type: 14kt White Gold <br>Approx. Gram Weight: 4.298 <br>Total Gemstone Carat Weight: 1 <br>Primary Gem Type: Diamond <br>Primary Gem Shape: Baguette <br>Primary Gem Color: G-H <br>Primary Gem Clarity: I2 <br>Primary Gem Setting: Channel-set <br>Primary Gem Carat Weight: 0.32 <br>Gem2 Type: Diamond <br>Gem2 Shape: Round <br>Gem2 Color: G-H <br>Gem2 Clarity: I2 <br>Gem2 Setting: Prong-set <br>Gem 2 Carat Weight: 0.66 <br>Gem 3 Carat Weight: None <br>,gndatlanta,,,TRUE,Ring size,12,,,,,PC14929RA/W,,,100,deny,manual,$684.00 ,"$1,523.00 ",TRUE,TRUE,,https://www.gndatlanta.com/product/image/large/c0180453_2.jpg,1,,FALSE,14k White Gold Baguette Diamond Fashion Anniversary Ring 1 Cttw,,,,,,gndatlanta,,new,,Wholesale Diamonds,,,,,,,,
14k-White-Gold-Baguette DIAMOND-Fashion-Anniversary-Ring-1-Cttw,14k White Gold Baguette Diamond Fashion Anniversary Ring 1 Cttw,Precious Metal Type: 14kt White Gold <br>Approx. Gram Weight: 4.298 <br>Total Gemstone Carat Weight: 1 <br>Primary Gem Type: Diamond <br>Primary Gem Shape: Baguette <br>Primary Gem Color: G-H <br>Primary Gem Clarity: I2 <br>Primary Gem Setting: Channel-set <br>Primary Gem Carat Weight: 0.32 <br>Gem2 Type: Diamond <br>Gem2 Shape: Round <br>Gem2 Color: G-H <br>Gem2 Clarity: I2 <br>Gem2 Setting: Prong-set <br>Gem 2 Carat Weight: 0.66 <br>Gem 3 Carat Weight: None <br>,gndatlanta,,,TRUE,Ring size,12.5,,,,,PC14929RA/W,,,100,deny,manual,$684.00 ,"$1,523.00 ",TRUE,TRUE,,https://www.gndatlanta.com/product/image/large/c0180453_2.jpg,1,,FALSE,14k White Gold Baguette Diamond Fashion Anniversary Ring 1 Cttw,,,,,,gndatlanta,,new,,Wholesale Diamonds,,,,,,,,
14k-White-Gold-Baguette DIAMOND-Fashion-Anniversary-Ring-1-Cttw,14k White Gold Baguette Diamond Fashion Anniversary Ring 1 Cttw,Precious Metal Type: 14kt White Gold <br>Approx. Gram Weight: 4.298 <br>Total Gemstone Carat Weight: 1 <br>Primary Gem Type: Diamond <br>Primary Gem Shape: Baguette <br>Primary Gem Color: G-H <br>Primary Gem Clarity: I2 <br>Primary Gem Setting: Channel-set <br>Primary Gem Carat Weight: 0.32 <br>Gem2 Type: Diamond <br>Gem2 Shape: Round <br>Gem2 Color: G-H <br>Gem2 Clarity: I2 <br>Gem2 Setting: Prong-set <br>Gem 2 Carat Weight: 0.66 <br>Gem 3 Carat Weight: None <br>,gndatlanta,,,TRUE,Ring size,13,,,,,PC14929RA/W,,,100,deny,manual,$684.00 ,"$1,523.00 ",TRUE,TRUE,,https://www.gndatlanta.com/product/image/large/c0180453_2.jpg,1,,FALSE,14k White Gold Baguette Diamond Fashion Anniversary Ring 1 Cttw,,,,,,gndatlanta,,new,,Wholesale Diamonds,,,,,,,,
14k-White-Gold-Baguette DIAMOND-Fashion-Anniversary-Ring-1-Cttw,14k White Gold Baguette Diamond Fashion Anniversary Ring 1 Cttw,Precious Metal Type: 14kt White Gold <br>Approx. Gram Weight: 4.298 <br>Total Gemstone Carat Weight: 1 <br>Primary Gem Type: Diamond <br>Primary Gem Shape: Baguette <br>Primary Gem Color: G-H <br>Primary Gem Clarity: I2 <br>Primary Gem Setting: Channel-set <br>Primary Gem Carat Weight: 0.32 <br>Gem2 Type: Diamond <br>Gem2 Shape: Round <br>Gem2 Color: G-H <br>Gem2 Clarity: I2 <br>Gem2 Setting: Prong-set <br>Gem 2 Carat Weight: 0.66 <br>Gem 3 Carat Weight: None <br>,gndatlanta,,,TRUE,Ring size,13.5,,,,,PC14929RA/W,,,100,deny,manual,$684.00 ,"$1,523.00 ",TRUE,TRUE,,https://www.gndatlanta.com/product/image/large/c0180453_2.jpg,1,,FALSE,14k White Gold Baguette Diamond Fashion Anniversary Ring 1 Cttw,,,,,,gndatlanta,,new,,Wholesale Diamonds,,,,,,,,
14k-White-Gold-Baguette DIAMOND-Fashion-Anniversary-Ring-1-Cttw,14k White Gold Baguette Diamond Fashion Anniversary Ring 1 Cttw,Precious Metal Type: 14kt White Gold <br>Approx. Gram Weight: 4.298 <br>Total Gemstone Carat Weight: 1 <br>Primary Gem Type: Diamond <br>Primary Gem Shape: Baguette <br>Primary Gem Color: G-H <br>Primary Gem Clarity: I2 <br>Primary Gem Setting: Channel-set <br>Primary Gem Carat Weight: 0.32 <br>Gem2 Type: Diamond <br>Gem2 Shape: Round <br>Gem2 Color: G-H <br>Gem2 Clarity: I2 <br>Gem2 Setting: Prong-set <br>Gem 2 Carat Weight: 0.66 <br>Gem 3 Carat Weight: None <br>,gndatlanta,,,TRUE,Ring size,14,,,,,PC14929RA/W,,,100,deny,manual,$684.00 ,"$1,523.00 ",TRUE,TRUE,,https://www.gndatlanta.com/product/image/large/c0180453_2.jpg,1,,FALSE,14k White Gold Baguette Diamond Fashion Anniversary Ring 1 Cttw,,,,,,gndatlanta,,new,,Wholesale Diamonds,,,,,,,,
14k-White-Gold-Baguette DIAMOND-Fashion-Anniversary-Ring-1-Cttw,,,,,,,,,,,,,,,,,,,,,,,,https://www.gndatlanta.com/product/image/large/c0180453_3.jpg,,,,,,,,,,,,new,,,,,,,,,,
14k-White-Gold-Baguette DIAMOND-Fashion-Anniversary-Ring-1-Cttw,,,,,,,,,,,,,,,,,,,,,,,,https://www.gndatlanta.com/product/image/large/c0180453_4.jpg,,,,,,,,,,,,new,,,,,,,,,,
14k-White-Gold-Baguette DIAMOND-Fashion-Anniversary-Ring-1-Cttw,,,,,,,,,,,,,,,,,,,,,,,,https://www.gndatlanta.com/product/image/large/c0180453_1.jpg,,,,,,,,,,,,new,,,,,,,,,,
14k-White-Gold-Round DIAMOND-Cluster-Cushion-Earrings-1-Cttw,14k White Gold Round Diamond Cluster Cushion Earrings 1 Cttw,Precious Metal Type: 14kt White Gold <br>Approx. Gram Weight: 3.064 <br>Total Gemstone Carat Weight: 1 <br>Primary Gem Type: Diamond <br>Primary Gem Shape: Round <br>Primary Gem Color: G-H <br>Primary Gem Clarity: I1-I2 <br>Primary Gem Setting: Prong-set <br>Primary Gem Carat Weight: 1.02 <br>Gem 2 Carat Weight: None <br>Gem 3 Carat Weight: None <br>,gndatlanta,,,TRUE,,,,,,,PC16131EA/W,,,100,deny,manual,$794.00 ,"$1,773.00 ",TRUE,TRUE,,https://www.gndatlanta.com/product/image/large/c0409014_1.jpg,1,,FALSE,14k White Gold Round Diamond Cluster Cushion Earrings 1 Cttw,,,,,,gndatlanta,,new,,Wholesale Diamonds,,,,,,,,
1CTW-DIA-SM-7/8CT-CSQ-BRIDAL-SET,1CTW DIAMOND Semi-mount 7/8CT-CSQ Bridal Engagement ENGAGEMENT RING SET,Precious Metal Type: 14kt White Gold <br>Approx. Gram Weight: 6.52 <br>Total Gemstone Carat Weight: 1 <br>Primary Gem Type: Diamond <br>Primary Gem Shape: Round <br>Primary Gem Color: G-H <br>Primary Gem Clarity: SI3 <br>Primary Gem Setting: Prong-set <br>Primary Gem Carat Weight: 0.99 <br>Gem 2 Carat Weight: None <br>Gem 3 Carat Weight: None <br>,gndatlanta,,,TRUE,Ring size,4,,,,,GNDRG115-SQ/W-SM,,,100,deny,manual,"$1,179.00 ","$2,649.00 ",TRUE,TRUE,,https://www.gndatlanta.com/product/image/large/c0798023_1.jpg,1,,FALSE,1CTW-DIA SM 7/8CT-CSQ BRIDAL SET,,,,,,gndatlanta,,new,,Wholesale Diamonds,,,,,,,,
1CTW-DIA-SM-7/8CT-CSQ-BRIDAL-SET,1CTW DIAMOND Semi-mount 7/8CT-CSQ Bridal Engagement ENGAGEMENT RING SET,Precious Metal Type: 14kt White Gold <br>Approx. Gram Weight: 6.52 <br>Total Gemstone Carat Weight: 1 <br>Primary Gem Type: Diamond <br>Primary Gem Shape: Round <br>Primary Gem Color: G-H <br>Primary Gem Clarity: SI3 <br>Primary Gem Setting: Prong-set <br>Primary Gem Carat Weight: 0.99 <br>Gem 2 Carat Weight: None <br>Gem 3 Carat Weight: None <br>,gndatlanta,,,TRUE,Ring size,4.5,,,,,GNDRG115-SQ/W-SM,,,100,deny,manual,"$1,179.00 ","$2,649.00 ",TRUE,TRUE,,https://www.gndatlanta.com/product/image/large/c0798023_1.jpg,1,,FALSE,1CTW-DIA SM 7/8CT-CSQ BRIDAL SET,,,,,,gndatlanta,,new,,Wholesale Diamonds,,,,,,,,
1CTW-DIA-SM-7/8CT-CSQ-BRIDAL-SET,1CTW DIAMOND Semi-mount 7/8CT-CSQ Bridal Engagement ENGAGEMENT RING SET,Precious Metal Type: 14kt White Gold <br>Approx. Gram Weight: 6.52 <br>Total Gemstone Carat Weight: 1 <br>Primary Gem Type: Diamond <br>Primary Gem Shape: Round <br>Primary Gem Color: G-H <br>Primary Gem Clarity: SI3 <br>Primary Gem Setting: Prong-set <br>Primary Gem Carat Weight: 0.99 <br>Gem 2 Carat Weight: None <br>Gem 3 Carat Weight: None <br>,gndatlanta,,,TRUE,Ring size,5,,,,,GNDRG115-SQ/W-SM,,,100,deny,manual,"$1,179.00 ","$2,649.00 ",TRUE,TRUE,,https://www.gndatlanta.com/product/image/large/c0798023_1.jpg,1,,FALSE,1CTW-DIA SM 7/8CT-CSQ BRIDAL SET,,,,,,gndatlanta,,new,,Wholesale Diamonds,,,,,,,,
1CTW-DIA-SM-7/8CT-CSQ-BRIDAL-SET,1CTW DIAMOND Semi-mount 7/8CT-CSQ Bridal Engagement ENGAGEMENT RING SET,Precious Metal Type: 14kt White Gold <br>Approx. Gram Weight: 6.52 <br>Total Gemstone Carat Weight: 1 <br>Primary Gem Type: Diamond <br>Primary Gem Shape: Round <br>Primary Gem Color: G-H <br>Primary Gem Clarity: SI3 <br>Primary Gem Setting: Prong-set <br>Primary Gem Carat Weight: 0.99 <br>Gem 2 Carat Weight: None <br>Gem 3 Carat Weight: None <br>,gndatlanta,,,TRUE,Ring size,5.5,,,,,GNDRG115-SQ/W-SM,,,100,deny,manual,"$1,179.00 ","$2,649.00 ",TRUE,TRUE,,https://www.gndatlanta.com/product/image/large/c0798023_1.jpg,1,,FALSE,1CTW-DIA SM 7/8CT-CSQ BRIDAL SET,,,,,,gndatlanta,,new,,Wholesale Diamonds,,,,,,,,
1CTW-DIA-SM-7/8CT-CSQ-BRIDAL-SET,1CTW DIAMOND Semi-mount 7/8CT-CSQ Bridal Engagement ENGAGEMENT RING SET,Precious Metal Type: 14kt White Gold <br>Approx. Gram Weight: 6.52 <br>Total Gemstone Carat Weight: 1 <br>Primary Gem Type: Diamond <br>Primary Gem Shape: Round <br>Primary Gem Color: G-H <br>Primary Gem Clarity: SI3 <br>Primary Gem Setting: Prong-set <br>Primary Gem Carat Weight: 0.99 <br>Gem 2 Carat Weight: None <br>Gem 3 Carat Weight: None <br>,gndatlanta,,,TRUE,Ring size,6,,,,,GNDRG115-SQ/W-SM,,,100,deny,manual,"$1,179.00 ","$2,649.00 ",TRUE,TRUE,,https://www.gndatlanta.com/product/image/large/c0798023_1.jpg,1,,FALSE,1CTW-DIA SM 7/8CT-CSQ BRIDAL SET,,,,,,gndatlanta,,new,,Wholesale Diamonds,,,,,,,,
1CTW-DIA-SM-7/8CT-CSQ-BRIDAL-SET,1CTW DIAMOND Semi-mount 7/8CT-CSQ Bridal Engagement ENGAGEMENT RING SET,Precious Metal Type: 14kt White Gold <br>Approx. Gram Weight: 6.52 <br>Total Gemstone Carat Weight: 1 <br>Primary Gem Type: Diamond <br>Primary Gem Shape: Round <br>Primary Gem Color: G-H <br>Primary Gem Clarity: SI3 <br>Primary Gem Setting: Prong-set <br>Primary Gem Carat Weight: 0.99 <br>Gem 2 Carat Weight: None <br>Gem 3 Carat Weight: None <br>,gndatlanta,,,TRUE,Ring size,6.5,,,,,GNDRG115-SQ/W-SM,,,100,deny,manual,"$1,179.00 ","$2,649.00 ",TRUE,TRUE,,https://www.gndatlanta.com/product/image/large/c0798023_1.jpg,1,,FALSE,1CTW-DIA SM 7/8CT-CSQ BRIDAL SET,,,,,,gndatlanta,,new,,Wholesale Diamonds,,,,,,,,
1CTW-DIA-SM-7/8CT-CSQ-BRIDAL-SET,1CTW DIAMOND Semi-mount 7/8CT-CSQ Bridal Engagement ENGAGEMENT RING SET,Precious Metal Type: 14kt White Gold <br>Approx. Gram Weight: 6.52 <br>Total Gemstone Carat Weight: 1 <br>Primary Gem Type: Diamond <br>Primary Gem Shape: Round <br>Primary Gem Color: G-H <br>Primary Gem Clarity: SI3 <br>Primary Gem Setting: Prong-set <br>Primary Gem Carat Weight: 0.99 <br>Gem 2 Carat Weight: None <br>Gem 3 Carat Weight: None <br>,gndatlanta,,,TRUE,Ring size,7,,,,,GNDRG115-SQ/W-SM,,,100,deny,manual,"$1,179.00 ","$2,649.00 ",TRUE,TRUE,,https://www.gndatlanta.com/product/image/large/c0798023_1.jpg,1,,FALSE,1CTW-DIA SM 7/8CT-CSQ BRIDAL SET,,,,,,gndatlanta,,new,,Wholesale Diamonds,,,,,,,,
1CTW-DIA-SM-7/8CT-CSQ-BRIDAL-SET,1CTW DIAMOND Semi-mount 7/8CT-CSQ Bridal Engagement ENGAGEMENT RING SET,Precious Metal Type: 14kt White Gold <br>Approx. Gram Weight: 6.52 <br>Total Gemstone Carat Weight: 1 <br>Primary Gem Type: Diamond <br>Primary Gem Shape: Round <br>Primary Gem Color: G-H <br>Primary Gem Clarity: SI3 <br>Primary Gem Setting: Prong-set <br>Primary Gem Carat Weight: 0.99 <br>Gem 2 Carat Weight: None <br>Gem 3 Carat Weight: None <br>,gndatlanta,,,TRUE,Ring size,7.5,,,,,GNDRG115-SQ/W-SM,,,100,deny,manual,"$1,179.00 ","$2,649.00 ",TRUE,TRUE,,https://www.gndatlanta.com/product/image/large/c0798023_1.jpg,1,,FALSE,1CTW-DIA SM 7/8CT-CSQ BRIDAL SET,,,,,,gndatlanta,,new,,Wholesale Diamonds,,,,,,,,
1CTW-DIA-SM-7/8CT-CSQ-BRIDAL-SET,1CTW DIAMOND Semi-mount 7/8CT-CSQ Bridal Engagement ENGAGEMENT RING SET,Precious Metal Type: 14kt White Gold <br>Approx. Gram Weight: 6.52 <br>Total Gemstone Carat Weight: 1 <br>Primary Gem Type: Diamond <br>Primary Gem Shape: Round <br>Primary Gem Color: G-H <br>Primary Gem Clarity: SI3 <br>Primary Gem Setting: Prong-set <br>Primary Gem Carat Weight: 0.99 <br>Gem 2 Carat Weight: None <br>Gem 3 Carat Weight: None <br>,gndatlanta,,,TRUE,Ring size,8,,,,,GNDRG115-SQ/W-SM,,,100,deny,manual,"$1,179.00 ","$2,649.00 ",TRUE,TRUE,,https://www.gndatlanta.com/product/image/large/c0798023_1.jpg,1,,FALSE,1CTW-DIA SM 7/8CT-CSQ BRIDAL SET,,,,,,gndatlanta,,new,,Wholesale Diamonds,,,,,,,,
1CTW-DIA-SM-7/8CT-CSQ-BRIDAL-SET,1CTW DIAMOND Semi-mount 7/8CT-CSQ Bridal Engagement ENGAGEMENT RING SET,Precious Metal Type: 14kt White Gold <br>Approx. Gram Weight: 6.52 <br>Total Gemstone Carat Weight: 1 <br>Primary Gem Type: Diamond <br>Primary Gem Shape: Round <br>Primary Gem Color: G-H <br>Primary Gem Clarity: SI3 <br>Primary Gem Setting: Prong-set <br>Primary Gem Carat Weight: 0.99 <br>Gem 2 Carat Weight: None <br>Gem 3 Carat Weight: None <br>,gndatlanta,,,TRUE,Ring size,8.5,,,,,GNDRG115-SQ/W-SM,,,100,deny,manual,"$1,179.00 ","$2,649.00 ",TRUE,TRUE,,https://www.gndatlanta.com/product/image/large/c0798023_1.jpg,1,,FALSE,1CTW-DIA SM 7/8CT-CSQ BRIDAL SET,,,,,,gndatlanta,,new,,Wholesale Diamonds,,,,,,,,
1CTW-DIA-SM-7/8CT-CSQ-BRIDAL-SET,1CTW DIAMOND Semi-mount 7/8CT-CSQ Bridal Engagement ENGAGEMENT RING SET,Precious Metal Type: 14kt White Gold <br>Approx. Gram Weight: 6.52 <br>Total Gemstone Carat Weight: 1 <br>Primary Gem Type: Diamond <br>Primary Gem Shape: Round <br>Primary Gem Color: G-H <br>Primary Gem Clarity: SI3 <br>Primary Gem Setting: Prong-set <br>Primary Gem Carat Weight: 0.99 <br>Gem 2 Carat Weight: None <br>Gem 3 Carat Weight: None <br>,gndatlanta,,,TRUE,Ring size,9,,,,,GNDRG115-SQ/W-SM,,,100,deny,manual,"$1,179.00 ","$2,649.00 ",TRUE,TRUE,,https://www.gndatlanta.com/product/image/large/c0798023_1.jpg,1,,FALSE,1CTW-DIA SM 7/8CT-CSQ BRIDAL SET,,,,,,gndatlanta,,new,,Wholesale Diamonds,,,,,,,,
1CTW-DIA-SM-7/8CT-CSQ-BRIDAL-SET,1CTW DIAMOND Semi-mount 7/8CT-CSQ Bridal Engagement ENGAGEMENT RING SET,Precious Metal Type: 14kt White Gold <br>Approx. Gram Weight: 6.52 <br>Total Gemstone Carat Weight: 1 <br>Primary Gem Type: Diamond <br>Primary Gem Shape: Round <br>Primary Gem Color: G-H <br>Primary Gem Clarity: SI3 <br>Primary Gem Setting: Prong-set <br>Primary Gem Carat Weight: 0.99 <br>Gem 2 Carat Weight: None <br>Gem 3 Carat Weight: None <br>,gndatlanta,,,TRUE,Ring size,9.5,,,,,GNDRG115-SQ/W-SM,,,100,deny,manual,"$1,179.00 ","$2,649.00 ",TRUE,TRUE,,https://www.gndatlanta.com/product/image/large/c0798023_1.jpg,1,,FALSE,1CTW-DIA SM 7/8CT-CSQ BRIDAL SET,,,,,,gndatlanta,,new,,Wholesale Diamonds,,,,,,,,
1CTW-DIA-SM-7/8CT-CSQ-BRIDAL-SET,1CTW DIAMOND Semi-mount 7/8CT-CSQ Bridal Engagement ENGAGEMENT RING SET,Precious Metal Type: 14kt White Gold <br>Approx. Gram Weight: 6.52 <br>Total Gemstone Carat Weight: 1 <br>Primary Gem Type: Diamond <br>Primary Gem Shape: Round <br>Primary Gem Color: G-H <br>Primary Gem Clarity: SI3 <br>Primary Gem Setting: Prong-set <br>Primary Gem Carat Weight: 0.99 <br>Gem 2 Carat Weight: None <br>Gem 3 Carat Weight: None <br>,gndatlanta,,,TRUE,Ring size,10,,,,,GNDRG115-SQ/W-SM,,,100,deny,manual,"$1,179.00 ","$2,649.00 ",TRUE,TRUE,,https://www.gndatlanta.com/product/image/large/c0798023_1.jpg,1,,FALSE,1CTW-DIA SM 7/8CT-CSQ BRIDAL SET,,,,,,gndatlanta,,new,,Wholesale Diamonds,,,,,,,,
1CTW-DIA-SM-7/8CT-CSQ-BRIDAL-SET,1CTW DIAMOND Semi-mount 7/8CT-CSQ Bridal Engagement ENGAGEMENT RING SET,Precious Metal Type: 14kt White Gold <br>Approx. Gram Weight: 6.52 <br>Total Gemstone Carat Weight: 1 <br>Primary Gem Type: Diamond <br>Primary Gem Shape: Round <br>Primary Gem Color: G-H <br>Primary Gem Clarity: SI3 <br>Primary Gem Setting: Prong-set <br>Primary Gem Carat Weight: 0.99 <br>Gem 2 Carat Weight: None <br>Gem 3 Carat Weight: None <br>,gndatlanta,,,TRUE,Ring size,10.5,,,,,GNDRG115-SQ/W-SM,,,100,deny,manual,"$1,179.00 ","$2,649.00 ",TRUE,TRUE,,https://www.gndatlanta.com/product/image/large/c0798023_1.jpg,1,,FALSE,1CTW-DIA SM 7/8CT-CSQ BRIDAL SET,,,,,,gndatlanta,,new,,Wholesale Diamonds,,,,,,,,
1CTW-DIA-SM-7/8CT-CSQ-BRIDAL-SET,1CTW DIAMOND Semi-mount 7/8CT-CSQ Bridal Engagement ENGAGEMENT RING SET,Precious Metal Type: 14kt White Gold <br>Approx. Gram Weight: 6.52 <br>Total Gemstone Carat Weight: 1 <br>Primary Gem Type: Diamond <br>Primary Gem Shape: Round <br>Primary Gem Color: G-H <br>Primary Gem Clarity: SI3 <br>Primary Gem Setting: Prong-set <br>Primary Gem Carat Weight: 0.99 <br>Gem 2 Carat Weight: None <br>Gem 3 Carat Weight: None <br>,gndatlanta,,,TRUE,Ring size,11,,,,,GNDRG115-SQ/W-SM,,,100,deny,manual,"$1,179.00 ","$2,649.00 ",TRUE,TRUE,,https://www.gndatlanta.com/product/image/large/c0798023_1.jpg,1,,FALSE,1CTW-DIA SM 7/8CT-CSQ BRIDAL SET,,,,,,gndatlanta,,new,,Wholesale Diamonds,,,,,,,,
1CTW-DIA-SM-7/8CT-CSQ-BRIDAL-SET,1CTW DIAMOND Semi-mount 7/8CT-CSQ Bridal Engagement ENGAGEMENT RING SET,Precious Metal Type: 14kt White Gold <br>Approx. Gram Weight: 6.52 <br>Total Gemstone Carat Weight: 1 <br>Primary Gem Type: Diamond <br>Primary Gem Shape: Round <br>Primary Gem Color: G-H <br>Primary Gem Clarity: SI3 <br>Primary Gem Setting: Prong-set <br>Primary Gem Carat Weight: 0.99 <br>Gem 2 Carat Weight: None <br>Gem 3 Carat Weight: None <br>,gndatlanta,,,TRUE,Ring size,11.5,,,,,GNDRG115-SQ/W-SM,,,100,deny,manual,"$1,179.00 ","$2,649.00 ",TRUE,TRUE,,https://www.gndatlanta.com/product/image/large/c0798023_1.jpg,1,,FALSE,1CTW-DIA SM 7/8CT-CSQ BRIDAL SET,,,,,,gndatlanta,,new,,Wholesale Diamonds,,,,,,,,
1CTW-DIA-SM-7/8CT-CSQ-BRIDAL-SET,1CTW DIAMOND Semi-mount 7/8CT-CSQ Bridal Engagement ENGAGEMENT RING SET,Precious Metal Type: 14kt White Gold <br>Approx. Gram Weight: 6.52 <br>Total Gemstone Carat Weight: 1 <br>Primary Gem Type: Diamond <br>Primary Gem Shape: Round <br>Primary Gem Color: G-H <br>Primary Gem Clarity: SI3 <br>Primary Gem Setting: Prong-set <br>Primary Gem Carat Weight: 0.99 <br>Gem 2 Carat Weight: None <br>Gem 3 Carat Weight: None <br>,gndatlanta,,,TRUE,Ring size,12,,,,,GNDRG115-SQ/W-SM,,,100,deny,manual,"$1,179.00 ","$2,649.00 ",TRUE,TRUE,,https://www.gndatlanta.com/product/image/large/c0798023_1.jpg,1,,FALSE,1CTW-DIA SM 7/8CT-CSQ BRIDAL SET,,,,,,gndatlanta,,new,,Wholesale Diamonds,,,,,,,,
1CTW-DIA-SM-7/8CT-CSQ-BRIDAL-SET,1CTW DIAMOND Semi-mount 7/8CT-CSQ Bridal Engagement ENGAGEMENT RING SET,Precious Metal Type: 14kt White Gold <br>Approx. Gram Weight: 6.52 <br>Total Gemstone Carat Weight: 1 <br>Primary Gem Type: Diamond <br>Primary Gem Shape: Round <br>Primary Gem Color: G-H <br>Primary Gem Clarity: SI3 <br>Primary Gem Setting: Prong-set <br>Primary Gem Carat Weight: 0.99 <br>Gem 2 Carat Weight: None <br>Gem 3 Carat Weight: None <br>,gndatlanta,,,TRUE,Ring size,12.5,,,,,GNDRG115-SQ/W-SM,,,100,deny,manual,"$1,179.00 ","$2,649.00 ",TRUE,TRUE,,https://www.gndatlanta.com/product/image/large/c0798023_1.jpg,1,,FALSE,1CTW-DIA SM 7/8CT-CSQ BRIDAL SET,,,,,,gndatlanta,,new,,Wholesale Diamonds,,,,,,,,
1CTW-DIA-SM-7/8CT-CSQ-BRIDAL-SET,1CTW DIAMOND Semi-mount 7/8CT-CSQ Bridal Engagement ENGAGEMENT RING SET,Precious Metal Type: 14kt White Gold <br>Approx. Gram Weight: 6.52 <br>Total Gemstone Carat Weight: 1 <br>Primary Gem Type: Diamond <br>Primary Gem Shape: Round <br>Primary Gem Color: G-H <br>Primary Gem Clarity: SI3 <br>Primary Gem Setting: Prong-set <br>Primary Gem Carat Weight: 0.99 <br>Gem 2 Carat Weight: None <br>Gem 3 Carat Weight: None <br>,gndatlanta,,,TRUE,Ring size,13,,,,,GNDRG115-SQ/W-SM,,,100,deny,manual,"$1,179.00 ","$2,649.00 ",TRUE,TRUE,,https://www.gndatlanta.com/product/image/large/c0798023_1.jpg,1,,FALSE,1CTW-DIA SM 7/8CT-CSQ BRIDAL SET,,,,,,gndatlanta,,new,,Wholesale Diamonds,,,,,,,,
1CTW-DIA-SM-7/8CT-CSQ-BRIDAL-SET,1CTW DIAMOND Semi-mount 7/8CT-CSQ Bridal Engagement ENGAGEMENT RING SET,Precious Metal Type: 14kt White Gold <br>Approx. Gram Weight: 6.52 <br>Total Gemstone Carat Weight: 1 <br>Primary Gem Type: Diamond <br>Primary Gem Shape: Round <br>Primary Gem Color: G-H <br>Primary Gem Clarity: SI3 <br>Primary Gem Setting: Prong-set <br>Primary Gem Carat Weight: 0.99 <br>Gem 2 Carat Weight: None <br>Gem 3 Carat Weight: None <br>,gndatlanta,,,TRUE,Ring size,13.5,,,,,GNDRG115-SQ/W-SM,,,100,deny,manual,"$1,179.00 ","$2,649.00 ",TRUE,TRUE,,https://www.gndatlanta.com/product/image/large/c0798023_1.jpg,1,,FALSE,1CTW-DIA SM 7/8CT-CSQ BRIDAL SET,,,,,,gndatlanta,,new,,Wholesale Diamonds,,,,,,,,
1CTW-DIA-SM-7/8CT-CSQ-BRIDAL-SET,1CTW DIAMOND Semi-mount 7/8CT-CSQ Bridal Engagement ENGAGEMENT RING SET,Precious Metal Type: 14kt White Gold <br>Approx. Gram Weight: 6.52 <br>Total Gemstone Carat Weight: 1 <br>Primary Gem Type: Diamond <br>Primary Gem Shape: Round <br>Primary Gem Color: G-H <br>Primary Gem Clarity: SI3 <br>Primary Gem Setting: Prong-set <br>Primary Gem Carat Weight: 0.99 <br>Gem 2 Carat Weight: None <br>Gem 3 Carat Weight: None <br>,gndatlanta,,,TRUE,Ring size,14,,,,,GNDRG115-SQ/W-SM,,,100,deny,manual,"$1,179.00 ","$2,649.00 ",TRUE,TRUE,,https://www.gndatlanta.com/product/image/large/c0798023_1.jpg,1,,FALSE,1CTW-DIA SM 7/8CT-CSQ BRIDAL SET,,,,,,gndatlanta,,new,,Wholesale Diamonds,,,,,,,,
1CTW-DIA-SM-7/8CT-CSQ-BRIDAL-SET,,,,,,,,,,,,,,,,,,,,,,,,https://www.gndatlanta.com/product/image/large/c0798023_2.jpg,,,,,,,,,,,,new,,,,,,,,,,
1CTW-DIA-SM-7/8CT-CSQ-BRIDAL-SET,,,,,,,,,,,,,,,,,,,,,,,,https://www.gndatlanta.com/product/image/large/c0798023_3.jpg,,,,,,,,,,,,new,,,,,,,,,,
1CTW-DIA-SM-7/8CT-CSQ-BRIDAL-SET,,,,,,,,,,,,,,,,,,,,,,,,https://www.gndatlanta.com/product/image/large/c0798023_4.jpg,,,,,,,,,,,,new,,,,,,,,,,
2-CT-DIA-SM-1CT-COVAL-BRIDAL-RING,2 CT DIAMOND Semi-mount 1CT-OVAL Bridal Engagement RING,Precious Metal Type: 14kt White Gold <br>Approx. Gram Weight: 6.7 <br>Total Gemstone Carat Weight: 2 <br>Primary Gem Type: Diamond <br>Primary Gem Shape: Round <br>Primary Gem Color: G-H <br>Primary Gem Clarity: SI3 <br>Primary Gem Setting: Prong-set <br>Primary Gem Carat Weight: 1.95 <br>Gem 2 Carat Weight: None <br>Gem 3 Carat Weight: None <br>,gndatlanta,,,TRUE,Ring size,4,,,,,RF032322/W-SM,,,100,deny,manual,"$2,444.00 ","$5,524.00 ",TRUE,TRUE,,https://www.gndatlanta.com/product/image/large/c0954547_1.jpg,1,,FALSE,2 CT-DIA SM 1CT-COVAL BRIDAL RING,,,,,,gndatlanta,,new,,Wholesale Diamonds,,,,,,,,
2-CT-DIA-SM-1CT-COVAL-BRIDAL-RING,2 CT DIAMOND Semi-mount 1CT-OVAL Bridal Engagement RING,Precious Metal Type: 14kt White Gold <br>Approx. Gram Weight: 6.7 <br>Total Gemstone Carat Weight: 2 <br>Primary Gem Type: Diamond <br>Primary Gem Shape: Round <br>Primary Gem Color: G-H <br>Primary Gem Clarity: SI3 <br>Primary Gem Setting: Prong-set <br>Primary Gem Carat Weight: 1.95 <br>Gem 2 Carat Weight: None <br>Gem 3 Carat Weight: None <br>,gndatlanta,,,TRUE,Ring size,4.5,,,,,RF032322/W-SM,,,100,deny,manual,"$2,444.00 ","$5,524.00 ",TRUE,TRUE,,https://www.gndatlanta.com/product/image/large/c0954547_1.jpg,1,,FALSE,2 CT-DIA SM 1CT-COVAL BRIDAL RING,,,,,,gndatlanta,,new,,Wholesale Diamonds,,,,,,,,
2-CT-DIA-SM-1CT-COVAL-BRIDAL-RING,2 CT DIAMOND Semi-mount 1CT-OVAL Bridal Engagement RING,Precious Metal Type: 14kt White Gold <br>Approx. Gram Weight: 6.7 <br>Total Gemstone Carat Weight: 2 <br>Primary Gem Type: Diamond <br>Primary Gem Shape: Round <br>Primary Gem Color: G-H <br>Primary Gem Clarity: SI3 <br>Primary Gem Setting: Prong-set <br>Primary Gem Carat Weight: 1.95 <br>Gem 2 Carat Weight: None <br>Gem 3 Carat Weight: None <br>,gndatlanta,,,TRUE,Ring size,5,,,,,RF032322/W-SM,,,100,deny,manual,"$2,444.00 ","$5,524.00 ",TRUE,TRUE,,https://www.gndatlanta.com/product/image/large/c0954547_1.jpg,1,,FALSE,2 CT-DIA SM 1CT-COVAL BRIDAL RING,,,,,,gndatlanta,,new,,Wholesale Diamonds,,,,,,,,
2-CT-DIA-SM-1CT-COVAL-BRIDAL-RING,2 CT DIAMOND Semi-mount 1CT-OVAL Bridal Engagement RING,Precious Metal Type: 14kt White Gold <br>Approx. Gram Weight: 6.7 <br>Total Gemstone Carat Weight: 2 <br>Primary Gem Type: Diamond <br>Primary Gem Shape: Round <br>Primary Gem Color: G-H <br>Primary Gem Clarity: SI3 <br>Primary Gem Setting: Prong-set <br>Primary Gem Carat Weight: 1.95 <br>Gem 2 Carat Weight: None <br>Gem 3 Carat Weight: None <br>,gndatlanta,,,TRUE,Ring size,5.5,,,,,RF032322/W-SM,,,100,deny,manual,"$2,444.00 ","$5,524.00 ",TRUE,TRUE,,https://www.gndatlanta.com/product/image/large/c0954547_1.jpg,1,,FALSE,2 CT-DIA SM 1CT-COVAL BRIDAL RING,,,,,,gndatlanta,,new,,Wholesale Diamonds,,,,,,,,
2-CT-DIA-SM-1CT-COVAL-BRIDAL-RING,2 CT DIAMOND Semi-mount 1CT-OVAL Bridal Engagement RING,Precious Metal Type: 14kt White Gold <br>Approx. Gram Weight: 6.7 <br>Total Gemstone Carat Weight: 2 <br>Primary Gem Type: Diamond <br>Primary Gem Shape: Round <br>Primary Gem Color: G-H <br>Primary Gem Clarity: SI3 <br>Primary Gem Setting: Prong-set <br>Primary Gem Carat Weight: 1.95 <br>Gem 2 Carat Weight: None <br>Gem 3 Carat Weight: None <br>,gndatlanta,,,TRUE,Ring size,6,,,,,RF032322/W-SM,,,100,deny,manual,"$2,444.00 ","$5,524.00 ",TRUE,TRUE,,https://www.gndatlanta.com/product/image/large/c0954547_1.jpg,1,,FALSE,2 CT-DIA SM 1CT-COVAL BRIDAL RING,,,,,,gndatlanta,,new,,Wholesale Diamonds,,,,,,,,
2-CT-DIA-SM-1CT-COVAL-BRIDAL-RING,2 CT DIAMOND Semi-mount 1CT-OVAL Bridal Engagement RING,Precious Metal Type: 14kt White Gold <br>Approx. Gram Weight: 6.7 <br>Total Gemstone Carat Weight: 2 <br>Primary Gem Type: Diamond <br>Primary Gem Shape: Round <br>Primary Gem Color: G-H <br>Primary Gem Clarity: SI3 <br>Primary Gem Setting: Prong-set <br>Primary Gem Carat Weight: 1.95 <br>Gem 2 Carat Weight: None <br>Gem 3 Carat Weight: None <br>,gndatlanta,,,TRUE,Ring size,6.5,,,,,RF032322/W-SM,,,100,deny,manual,"$2,444.00 ","$5,524.00 ",TRUE,TRUE,,https://www.gndatlanta.com/product/image/large/c0954547_1.jpg,1,,FALSE,2 CT-DIA SM 1CT-COVAL BRIDAL RING,,,,,,gndatlanta,,new,,Wholesale Diamonds,,,,,,,,
2-CT-DIA-SM-1CT-COVAL-BRIDAL-RING,2 CT DIAMOND Semi-mount 1CT-OVAL Bridal Engagement RING,Precious Metal Type: 14kt White Gold <br>Approx. Gram Weight: 6.7 <br>Total Gemstone Carat Weight: 2 <br>Primary Gem Type: Diamond <br>Primary Gem Shape: Round <br>Primary Gem Color: G-H <br>Primary Gem Clarity: SI3 <br>Primary Gem Setting: Prong-set <br>Primary Gem Carat Weight: 1.95 <br>Gem 2 Carat Weight: None <br>Gem 3 Carat Weight: None <br>,gndatlanta,,,TRUE,Ring size,7,,,,,RF032322/W-SM,,,100,deny,manual,"$2,444.00 ","$5,524.00 ",TRUE,TRUE,,https://www.gndatlanta.com/product/image/large/c0954547_1.jpg,1,,FALSE,2 CT-DIA SM 1CT-COVAL BRIDAL RING,,,,,,gndatlanta,,new,,Wholesale Diamonds,,,,,,,,
2-CT-DIA-SM-1CT-COVAL-BRIDAL-RING,2 CT DIAMOND Semi-mount 1CT-OVAL Bridal Engagement RING,Precious Metal Type: 14kt White Gold <br>Approx. Gram Weight: 6.7 <br>Total Gemstone Carat Weight: 2 <br>Primary Gem Type: Diamond <br>Primary Gem Shape: Round <br>Primary Gem Color: G-H <br>Primary Gem Clarity: SI3 <br>Primary Gem Setting: Prong-set <br>Primary Gem Carat Weight: 1.95 <br>Gem 2 Carat Weight: None <br>Gem 3 Carat Weight: None <br>,gndatlanta,,,TRUE,Ring size,7.5,,,,,RF032322/W-SM,,,100,deny,manual,"$2,444.00 ","$5,524.00 ",TRUE,TRUE,,https://www.gndatlanta.com/product/image/large/c0954547_1.jpg,1,,FALSE,2 CT-DIA SM 1CT-COVAL BRIDAL RING,,,,,,gndatlanta,,new,,Wholesale Diamonds,,,,,,,,
2-CT-DIA-SM-1CT-COVAL-BRIDAL-RING,2 CT DIAMOND Semi-mount 1CT-OVAL Bridal Engagement RING,Precious Metal Type: 14kt White Gold <br>Approx. Gram Weight: 6.7 <br>Total Gemstone Carat Weight: 2 <br>Primary Gem Type: Diamond <br>Primary Gem Shape: Round <br>Primary Gem Color: G-H <br>Primary Gem Clarity: SI3 <br>Primary Gem Setting: Prong-set <br>Primary Gem Carat Weight: 1.95 <br>Gem 2 Carat Weight: None <br>Gem 3 Carat Weight: None <br>,gndatlanta,,,TRUE,Ring size,8,,,,,RF032322/W-SM,,,100,deny,manual,"$2,444.00 ","$5,524.00 ",TRUE,TRUE,,https://www.gndatlanta.com/product/image/large/c0954547_1.jpg,1,,FALSE,2 CT-DIA SM 1CT-COVAL BRIDAL RING,,,,,,gndatlanta,,new,,Wholesale Diamonds,,,,,,,,
2-CT-DIA-SM-1CT-COVAL-BRIDAL-RING,2 CT DIAMOND Semi-mount 1CT-OVAL Bridal Engagement RING,Precious Metal Type: 14kt White Gold <br>Approx. Gram Weight: 6.7 <br>Total Gemstone Carat Weight: 2 <br>Primary Gem Type: Diamond <br>Primary Gem Shape: Round <br>Primary Gem Color: G-H <br>Primary Gem Clarity: SI3 <br>Primary Gem Setting: Prong-set <br>Primary Gem Carat Weight: 1.95 <br>Gem 2 Carat Weight: None <br>Gem 3 Carat Weight: None <br>,gndatlanta,,,TRUE,Ring size,8.5,,,,,RF032322/W-SM,,,100,deny,manual,"$2,444.00 ","$5,524.00 ",TRUE,TRUE,,https://www.gndatlanta.com/product/image/large/c0954547_1.jpg,1,,FALSE,2 CT-DIA SM 1CT-COVAL BRIDAL RING,,,,,,gndatlanta,,new,,Wholesale Diamonds,,,,,,,,
2-CT-DIA-SM-1CT-COVAL-BRIDAL-RING,2 CT DIAMOND Semi-mount 1CT-OVAL Bridal Engagement RING,Precious Metal Type: 14kt White Gold <br>Approx. Gram Weight: 6.7 <br>Total Gemstone Carat Weight: 2 <br>Primary Gem Type: Diamond <br>Primary Gem Shape: Round <br>Primary Gem Color: G-H <br>Primary Gem Clarity: SI3 <br>Primary Gem Setting: Prong-set <br>Primary Gem Carat Weight: 1.95 <br>Gem 2 Carat Weight: None <br>Gem 3 Carat Weight: None <br>,gndatlanta,,,TRUE,Ring size,9,,,,,RF032322/W-SM,,,100,deny,manual,"$2,444.00 ","$5,524.00 ",TRUE,TRUE,,https://www.gndatlanta.com/product/image/large/c0954547_1.jpg,1,,FALSE,2 CT-DIA SM 1CT-COVAL BRIDAL RING,,,,,,gndatlanta,,new,,Wholesale Diamonds,,,,,,,,
2-CT-DIA-SM-1CT-COVAL-BRIDAL-RING,2 CT DIAMOND Semi-mount 1CT-OVAL Bridal Engagement RING,Precious Metal Type: 14kt White Gold <br>Approx. Gram Weight: 6.7 <br>Total Gemstone Carat Weight: 2 <br>Primary Gem Type: Diamond <br>Primary Gem Shape: Round <br>Primary Gem Color: G-H <br>Primary Gem Clarity: SI3 <br>Primary Gem Setting: Prong-set <br>Primary Gem Carat Weight: 1.95 <br>Gem 2 Carat Weight: None <br>Gem 3 Carat Weight: None <br>,gndatlanta,,,TRUE,Ring size,9.5,,,,,RF032322/W-SM,,,100,deny,manual,"$2,444.00 ","$5,524.00 ",TRUE,TRUE,,https://www.gndatlanta.com/product/image/large/c0954547_1.jpg,1,,FALSE,2 CT-DIA SM 1CT-COVAL BRIDAL RING,,,,,,gndatlanta,,new,,Wholesale Diamonds,,,,,,,,
2-CT-DIA-SM-1CT-COVAL-BRIDAL-RING,2 CT DIAMOND Semi-mount 1CT-OVAL Bridal Engagement RING,Precious Metal Type: 14kt White Gold <br>Approx. Gram Weight: 6.7 <br>Total Gemstone Carat Weight: 2 <br>Primary Gem Type: Diamond <br>Primary Gem Shape: Round <br>Primary Gem Color: G-H <br>Primary Gem Clarity: SI3 <br>Primary Gem Setting: Prong-set <br>Primary Gem Carat Weight: 1.95 <br>Gem 2 Carat Weight: None <br>Gem 3 Carat Weight: None <br>,gndatlanta,,,TRUE,Ring size,10,,,,,RF032322/W-SM,,,100,deny,manual,"$2,444.00 ","$5,524.00 ",TRUE,TRUE,,https://www.gndatlanta.com/product/image/large/c0954547_1.jpg,1,,FALSE,2 CT-DIA SM 1CT-COVAL BRIDAL RING,,,,,,gndatlanta,,new,,Wholesale Diamonds,,,,,,,,
2-CT-DIA-SM-1CT-COVAL-BRIDAL-RING,2 CT DIAMOND Semi-mount 1CT-OVAL Bridal Engagement RING,Precious Metal Type: 14kt White Gold <br>Approx. Gram Weight: 6.7 <br>Total Gemstone Carat Weight: 2 <br>Primary Gem Type: Diamond <br>Primary Gem Shape: Round <br>Primary Gem Color: G-H <br>Primary Gem Clarity: SI3 <br>Primary Gem Setting: Prong-set <br>Primary Gem Carat Weight: 1.95 <br>Gem 2 Carat Weight: None <br>Gem 3 Carat Weight: None <br>,gndatlanta,,,TRUE,Ring size,10.5,,,,,RF032322/W-SM,,,100,deny,manual,"$2,444.00 ","$5,524.00 ",TRUE,TRUE,,https://www.gndatlanta.com/product/image/large/c0954547_1.jpg,1,,FALSE,2 CT-DIA SM 1CT-COVAL BRIDAL RING,,,,,,gndatlanta,,new,,Wholesale Diamonds,,,,,,,,
2-CT-DIA-SM-1CT-COVAL-BRIDAL-RING,2 CT DIAMOND Semi-mount 1CT-OVAL Bridal Engagement RING,Precious Metal Type: 14kt White Gold <br>Approx. Gram Weight: 6.7 <br>Total Gemstone Carat Weight: 2 <br>Primary Gem Type: Diamond <br>Primary Gem Shape: Round <br>Primary Gem Color: G-H <br>Primary Gem Clarity: SI3 <br>Primary Gem Setting: Prong-set <br>Primary Gem Carat Weight: 1.95 <br>Gem 2 Carat Weight: None <br>Gem 3 Carat Weight: None <br>,gndatlanta,,,TRUE,Ring size,11,,,,,RF032322/W-SM,,,100,deny,manual,"$2,444.00 ","$5,524.00 ",TRUE,TRUE,,https://www.gndatlanta.com/product/image/large/c0954547_1.jpg,1,,FALSE,2 CT-DIA SM 1CT-COVAL BRIDAL RING,,,,,,gndatlanta,,new,,Wholesale Diamonds,,,,,,,,
2-CT-DIA-SM-1CT-COVAL-BRIDAL-RING,2 CT DIAMOND Semi-mount 1CT-OVAL Bridal Engagement RING,Precious Metal Type: 14kt White Gold <br>Approx. Gram Weight: 6.7 <br>Total Gemstone Carat Weight: 2 <br>Primary Gem Type: Diamond <br>Primary Gem Shape: Round <br>Primary Gem Color: G-H <br>Primary Gem Clarity: SI3 <br>Primary Gem Setting: Prong-set <br>Primary Gem Carat Weight: 1.95 <br>Gem 2 Carat Weight: None <br>Gem 3 Carat Weight: None <br>,gndatlanta,,,TRUE,Ring size,11.5,,,,,RF032322/W-SM,,,100,deny,manual,"$2,444.00 ","$5,524.00 ",TRUE,TRUE,,https://www.gndatlanta.com/product/image/large/c0954547_1.jpg,1,,FALSE,2 CT-DIA SM 1CT-COVAL BRIDAL RING,,,,,,gndatlanta,,new,,Wholesale Diamonds,,,,,,,,
2-CT-DIA-SM-1CT-COVAL-BRIDAL-RING,2 CT DIAMOND Semi-mount 1CT-OVAL Bridal Engagement RING,Precious Metal Type: 14kt White Gold <br>Approx. Gram Weight: 6.7 <br>Total Gemstone Carat Weight: 2 <br>Primary Gem Type: Diamond <br>Primary Gem Shape: Round <br>Primary Gem Color: G-H <br>Primary Gem Clarity: SI3 <br>Primary Gem Setting: Prong-set <br>Primary Gem Carat Weight: 1.95 <br>Gem 2 Carat Weight: None <br>Gem 3 Carat Weight: None <br>,gndatlanta,,,TRUE,Ring size,12,,,,,RF032322/W-SM,,,100,deny,manual,"$2,444.00 ","$5,524.00 ",TRUE,TRUE,,https://www.gndatlanta.com/product/image/large/c0954547_1.jpg,1,,FALSE,2 CT-DIA SM 1CT-COVAL BRIDAL RING,,,,,,gndatlanta,,new,,Wholesale Diamonds,,,,,,,,
2-CT-DIA-SM-1CT-COVAL-BRIDAL-RING,2 CT DIAMOND Semi-mount 1CT-OVAL Bridal Engagement RING,Precious Metal Type: 14kt White Gold <br>Approx. Gram Weight: 6.7 <br>Total Gemstone Carat Weight: 2 <br>Primary Gem Type: Diamond <br>Primary Gem Shape: Round <br>Primary Gem Color: G-H <br>Primary Gem Clarity: SI3 <br>Primary Gem Setting: Prong-set <br>Primary Gem Carat Weight: 1.95 <br>Gem 2 Carat Weight: None <br>Gem 3 Carat Weight: None <br>,gndatlanta,,,TRUE,Ring size,12.5,,,,,RF032322/W-SM,,,100,deny,manual,"$2,444.00 ","$5,524.00 ",TRUE,TRUE,,https://www.gndatlanta.com/product/image/large/c0954547_1.jpg,1,,FALSE,2 CT-DIA SM 1CT-COVAL BRIDAL RING,,,,,,gndatlanta,,new,,Wholesale Diamonds,,,,,,,,
2-CT-DIA-SM-1CT-COVAL-BRIDAL-RING,2 CT DIAMOND Semi-mount 1CT-OVAL Bridal Engagement RING,Precious Metal Type: 14kt White Gold <br>Approx. Gram Weight: 6.7 <br>Total Gemstone Carat Weight: 2 <br>Primary Gem Type: Diamond <br>Primary Gem Shape: Round <br>Primary Gem Color: G-H <br>Primary Gem Clarity: SI3 <br>Primary Gem Setting: Prong-set <br>Primary Gem Carat Weight: 1.95 <br>Gem 2 Carat Weight: None <br>Gem 3 Carat Weight: None <br>,gndatlanta,,,TRUE,Ring size,13,,,,,RF032322/W-SM,,,100,deny,manual,"$2,444.00 ","$5,524.00 ",TRUE,TRUE,,https://www.gndatlanta.com/product/image/large/c0954547_1.jpg,1,,FALSE,2 CT-DIA SM 1CT-COVAL BRIDAL RING,,,,,,gndatlanta,,new,,Wholesale Diamonds,,,,,,,,
2-CT-DIA-SM-1CT-COVAL-BRIDAL-RING,2 CT DIAMOND Semi-mount 1CT-OVAL Bridal Engagement RING,Precious Metal Type: 14kt White Gold <br>Approx. Gram Weight: 6.7 <br>Total Gemstone Carat Weight: 2 <br>Primary Gem Type: Diamond <br>Primary Gem Shape: Round <br>Primary Gem Color: G-H <br>Primary Gem Clarity: SI3 <br>Primary Gem Setting: Prong-set <br>Primary Gem Carat Weight: 1.95 <br>Gem 2 Carat Weight: None <br>Gem 3 Carat Weight: None <br>,gndatlanta,,,TRUE,Ring size,13.5,,,,,RF032322/W-SM,,,100,deny,manual,"$2,444.00 ","$5,524.00 ",TRUE,TRUE,,https://www.gndatlanta.com/product/image/large/c0954547_1.jpg,1,,FALSE,2 CT-DIA SM 1CT-COVAL BRIDAL RING,,,,,,gndatlanta,,new,,Wholesale Diamonds,,,,,,,,
2-CT-DIA-SM-1CT-COVAL-BRIDAL-RING,2 CT DIAMOND Semi-mount 1CT-OVAL Bridal Engagement RING,Precious Metal Type: 14kt White Gold <br>Approx. Gram Weight: 6.7 <br>Total Gemstone Carat Weight: 2 <br>Primary Gem Type: Diamond <br>Primary Gem Shape: Round <br>Primary Gem Color: G-H <br>Primary Gem Clarity: SI3 <br>Primary Gem Setting: Prong-set <br>Primary Gem Carat Weight: 1.95 <br>Gem 2 Carat Weight: None <br>Gem 3 Carat Weight: None <br>,gndatlanta,,,TRUE,Ring size,14,,,,,RF032322/W-SM,,,100,deny,manual,"$2,444.00 ","$5,524.00 ",TRUE,TRUE,,https://www.gndatlanta.com/product/image/large/c0954547_1.jpg,1,,FALSE,2 CT-DIA SM 1CT-COVAL BRIDAL RING,,,,,,gndatlanta,,new,,Wholesale Diamonds,,,,,,,,
2-CT-DIA-SM-1CT-COVAL-BRIDAL-RING,,,,,,,,,,,,,,,,,,,,,,,,https://www.gndatlanta.com/product/image/large/c0954547_2.jpg,,,,,,,,,,,,new,,,,,,,,,,
2-CT-DIA-SM-1CT-COVAL-BRIDAL-RING,,,,,,,,,,,,,,,,,,,,,,,,https://www.gndatlanta.com/product/image/large/c0954547_3.jpg,,,,,,,,,,,,new,,,,,,,,,,
2-CT-DIA-SM-1CT-COVAL-BRIDAL-RING,,,,,,,,,,,,,,,,,,,,,,,,https://www.gndatlanta.com/product/image/large/c0954547_4.jpg,,,,,,,,,,,,new,,,,,,,,,,
14k-White-Gold-Round DIAMOND-1-1/2-Ct-Rd-Center-Bridal-Semi-Mount-Ring-1-Ctw,14k White Gold Round Diamond 1-1/2 Ct Rd Center Bridal Engagement Semi-Mount Ring 1 Ctw,Precious Metal Type: 14kt White Gold <br>Approx. Gram Weight: 11.171 <br>Total Gemstone Carat Weight: 1 <br>Primary Gem Type: Diamond <br>Primary Gem Shape: Round <br>Primary Gem Color: G-H <br>Primary Gem Clarity: SI3 <br>Primary Gem Setting: Prong-set <br>Primary Gem Carat Weight: 1.04 <br>Gem 2 Carat Weight: None <br>Gem 3 Carat Weight: None <br>,gndatlanta,,,TRUE,Ring size,4,,,,,RF2B2556/W-SM,,,100,deny,manual,"$1,454.00 ","$3,274.00 ",TRUE,TRUE,,https://www.gndatlanta.com/product/image/large/c0753370_1.jpg,1,,FALSE,14k White Gold Round Diamond 1-1/2 Ct Rd Center Bridal Semi-Mount Ring 1 Ctw,,,,,,gndatlanta,,new,,Wholesale Diamonds,,,,,,,,
14k-White-Gold-Round DIAMOND-1-1/2-Ct-Rd-Center-Bridal-Semi-Mount-Ring-1-Ctw,14k White Gold Round Diamond 1-1/2 Ct Rd Center Bridal Engagement Semi-Mount Ring 1 Ctw,Precious Metal Type: 14kt White Gold <br>Approx. Gram Weight: 11.171 <br>Total Gemstone Carat Weight: 1 <br>Primary Gem Type: Diamond <br>Primary Gem Shape: Round <br>Primary Gem Color: G-H <br>Primary Gem Clarity: SI3 <br>Primary Gem Setting: Prong-set <br>Primary Gem Carat Weight: 1.04 <br>Gem 2 Carat Weight: None <br>Gem 3 Carat Weight: None <br>,gndatlanta,,,TRUE,Ring size,4.5,,,,,RF2B2556/W-SM,,,100,deny,manual,"$1,454.00 ","$3,274.00 ",TRUE,TRUE,,https://www.gndatlanta.com/product/image/large/c0753370_1.jpg,1,,FALSE,14k White Gold Round Diamond 1-1/2 Ct Rd Center Bridal Semi-Mount Ring 1 Ctw,,,,,,gndatlanta,,new,,Wholesale Diamonds,,,,,,,,
14k-White-Gold-Round DIAMOND-1-1/2-Ct-Rd-Center-Bridal-Semi-Mount-Ring-1-Ctw,14k White Gold Round Diamond 1-1/2 Ct Rd Center Bridal Engagement Semi-Mount Ring 1 Ctw,Precious Metal Type: 14kt White Gold <br>Approx. Gram Weight: 11.171 <br>Total Gemstone Carat Weight: 1 <br>Primary Gem Type: Diamond <br>Primary Gem Shape: Round <br>Primary Gem Color: G-H <br>Primary Gem Clarity: SI3 <br>Primary Gem Setting: Prong-set <br>Primary Gem Carat Weight: 1.04 <br>Gem 2 Carat Weight: None <br>Gem 3 Carat Weight: None <br>,gndatlanta,,,TRUE,Ring size,5,,,,,RF2B2556/W-SM,,,100,deny,manual,"$1,454.00 ","$3,274.00 ",TRUE,TRUE,,https://www.gndatlanta.com/product/image/large/c0753370_1.jpg,1,,FALSE,14k White Gold Round Diamond 1-1/2 Ct Rd Center Bridal Semi-Mount Ring 1 Ctw,,,,,,gndatlanta,,new,,Wholesale Diamonds,,,,,,,,
14k-White-Gold-Round DIAMOND-1-1/2-Ct-Rd-Center-Bridal-Semi-Mount-Ring-1-Ctw,14k White Gold Round Diamond 1-1/2 Ct Rd Center Bridal Engagement Semi-Mount Ring 1 Ctw,Precious Metal Type: 14kt White Gold <br>Approx. Gram Weight: 11.171 <br>Total Gemstone Carat Weight: 1 <br>Primary Gem Type: Diamond <br>Primary Gem Shape: Round <br>Primary Gem Color: G-H <br>Primary Gem Clarity: SI3 <br>Primary Gem Setting: Prong-set <br>Primary Gem Carat Weight: 1.04 <br>Gem 2 Carat Weight: None <br>Gem 3 Carat Weight: None <br>,gndatlanta,,,TRUE,Ring size,5.5,,,,,RF2B2556/W-SM,,,100,deny,manual,"$1,454.00 ","$3,274.00 ",TRUE,TRUE,,https://www.gndatlanta.com/product/image/large/c0753370_1.jpg,1,,FALSE,14k White Gold Round Diamond 1-1/2 Ct Rd Center Bridal Semi-Mount Ring 1 Ctw,,,,,,gndatlanta,,new,,Wholesale Diamonds,,,,,,,,
14k-White-Gold-Round DIAMOND-1-1/2-Ct-Rd-Center-Bridal-Semi-Mount-Ring-1-Ctw,14k White Gold Round Diamond 1-1/2 Ct Rd Center Bridal Engagement Semi-Mount Ring 1 Ctw,Precious Metal Type: 14kt White Gold <br>Approx. Gram Weight: 11.171 <br>Total Gemstone Carat Weight: 1 <br>Primary Gem Type: Diamond <br>Primary Gem Shape: Round <br>Primary Gem Color: G-H <br>Primary Gem Clarity: SI3 <br>Primary Gem Setting: Prong-set <br>Primary Gem Carat Weight: 1.04 <br>Gem 2 Carat Weight: None <br>Gem 3 Carat Weight: None <br>,gndatlanta,,,TRUE,Ring size,6,,,,,RF2B2556/W-SM,,,100,deny,manual,"$1,454.00 ","$3,274.00 ",TRUE,TRUE,,https://www.gndatlanta.com/product/image/large/c0753370_1.jpg,1,,FALSE,14k White Gold Round Diamond 1-1/2 Ct Rd Center Bridal Semi-Mount Ring 1 Ctw,,,,,,gndatlanta,,new,,Wholesale Diamonds,,,,,,,,
14k-White-Gold-Round DIAMOND-1-1/2-Ct-Rd-Center-Bridal-Semi-Mount-Ring-1-Ctw,14k White Gold Round Diamond 1-1/2 Ct Rd Center Bridal Engagement Semi-Mount Ring 1 Ctw,Precious Metal Type: 14kt White Gold <br>Approx. Gram Weight: 11.171 <br>Total Gemstone Carat Weight: 1 <br>Primary Gem Type: Diamond <br>Primary Gem Shape: Round <br>Primary Gem Color: G-H <br>Primary Gem Clarity: SI3 <br>Primary Gem Setting: Prong-set <br>Primary Gem Carat Weight: 1.04 <br>Gem 2 Carat Weight: None <br>Gem 3 Carat Weight: None <br>,gndatlanta,,,TRUE,Ring size,6.5,,,,,RF2B2556/W-SM,,,100,deny,manual,"$1,454.00 ","$3,274.00 ",TRUE,TRUE,,https://www.gndatlanta.com/product/image/large/c0753370_1.jpg,1,,FALSE,14k White Gold Round Diamond 1-1/2 Ct Rd Center Bridal Semi-Mount Ring 1 Ctw,,,,,,gndatlanta,,new,,Wholesale Diamonds,,,,,,,,
14k-White-Gold-Round DIAMOND-1-1/2-Ct-Rd-Center-Bridal-Semi-Mount-Ring-1-Ctw,14k White Gold Round Diamond 1-1/2 Ct Rd Center Bridal Engagement Semi-Mount Ring 1 Ctw,Precious Metal Type: 14kt White Gold <br>Approx. Gram Weight: 11.171 <br>Total Gemstone Carat Weight: 1 <br>Primary Gem Type: Diamond <br>Primary Gem Shape: Round <br>Primary Gem Color: G-H <br>Primary Gem Clarity: SI3 <br>Primary Gem Setting: Prong-set <br>Primary Gem Carat Weight: 1.04 <br>Gem 2 Carat Weight: None <br>Gem 3 Carat Weight: None <br>,gndatlanta,,,TRUE,Ring size,7,,,,,RF2B2556/W-SM,,,100,deny,manual,"$1,454.00 ","$3,274.00 ",TRUE,TRUE,,https://www.gndatlanta.com/product/image/large/c0753370_1.jpg,1,,FALSE,14k White Gold Round Diamond 1-1/2 Ct Rd Center Bridal Semi-Mount Ring 1 Ctw,,,,,,gndatlanta,,new,,Wholesale Diamonds,,,,,,,,
14k-White-Gold-Round DIAMOND-1-1/2-Ct-Rd-Center-Bridal-Semi-Mount-Ring-1-Ctw,14k White Gold Round Diamond 1-1/2 Ct Rd Center Bridal Engagement Semi-Mount Ring 1 Ctw,Precious Metal Type: 14kt White Gold <br>Approx. Gram Weight: 11.171 <br>Total Gemstone Carat Weight: 1 <br>Primary Gem Type: Diamond <br>Primary Gem Shape: Round <br>Primary Gem Color: G-H <br>Primary Gem Clarity: SI3 <br>Primary Gem Setting: Prong-set <br>Primary Gem Carat Weight: 1.04 <br>Gem 2 Carat Weight: None <br>Gem 3 Carat Weight: None <br>,gndatlanta,,,TRUE,Ring size,7.5,,,,,RF2B2556/W-SM,,,100,deny,manual,"$1,454.00 ","$3,274.00 ",TRUE,TRUE,,https://www.gndatlanta.com/product/image/large/c0753370_1.jpg,1,,FALSE,14k White Gold Round Diamond 1-1/2 Ct Rd Center Bridal Semi-Mount Ring 1 Ctw,,,,,,gndatlanta,,new,,Wholesale Diamonds,,,,,,,,
14k-White-Gold-Round DIAMOND-1-1/2-Ct-Rd-Center-Bridal-Semi-Mount-Ring-1-Ctw,14k White Gold Round Diamond 1-1/2 Ct Rd Center Bridal Engagement Semi-Mount Ring 1 Ctw,Precious Metal Type: 14kt White Gold <br>Approx. Gram Weight: 11.171 <br>Total Gemstone Carat Weight: 1 <br>Primary Gem Type: Diamond <br>Primary Gem Shape: Round <br>Primary Gem Color: G-H <br>Primary Gem Clarity: SI3 <br>Primary Gem Setting: Prong-set <br>Primary Gem Carat Weight: 1.04 <br>Gem 2 Carat Weight: None <br>Gem 3 Carat Weight: None <br>,gndatlanta,,,TRUE,Ring size,8,,,,,RF2B2556/W-SM,,,100,deny,manual,"$1,454.00 ","$3,274.00 ",TRUE,TRUE,,https://www.gndatlanta.com/product/image/large/c0753370_1.jpg,1,,FALSE,14k White Gold Round Diamond 1-1/2 Ct Rd Center Bridal Semi-Mount Ring 1 Ctw,,,,,,gndatlanta,,new,,Wholesale Diamonds,,,,,,,,
14k-White-Gold-Round DIAMOND-1-1/2-Ct-Rd-Center-Bridal-Semi-Mount-Ring-1-Ctw,14k White Gold Round Diamond 1-1/2 Ct Rd Center Bridal Engagement Semi-Mount Ring 1 Ctw,Precious Metal Type: 14kt White Gold <br>Approx. Gram Weight: 11.171 <br>Total Gemstone Carat Weight: 1 <br>Primary Gem Type: Diamond <br>Primary Gem Shape: Round <br>Primary Gem Color: G-H <br>Primary Gem Clarity: SI3 <br>Primary Gem Setting: Prong-set <br>Primary Gem Carat Weight: 1.04 <br>Gem 2 Carat Weight: None <br>Gem 3 Carat Weight: None <br>,gndatlanta,,,TRUE,Ring size,8.5,,,,,RF2B2556/W-SM,,,100,deny,manual,"$1,454.00 ","$3,274.00 ",TRUE,TRUE,,https://www.gndatlanta.com/product/image/large/c0753370_1.jpg,1,,FALSE,14k White Gold Round Diamond 1-1/2 Ct Rd Center Bridal Semi-Mount Ring 1 Ctw,,,,,,gndatlanta,,new,,Wholesale Diamonds,,,,,,,,
14k-White-Gold-Round DIAMOND-1-1/2-Ct-Rd-Center-Bridal-Semi-Mount-Ring-1-Ctw,14k White Gold Round Diamond 1-1/2 Ct Rd Center Bridal Engagement Semi-Mount Ring 1 Ctw,Precious Metal Type: 14kt White Gold <br>Approx. Gram Weight: 11.171 <br>Total Gemstone Carat Weight: 1 <br>Primary Gem Type: Diamond <br>Primary Gem Shape: Round <br>Primary Gem Color: G-H <br>Primary Gem Clarity: SI3 <br>Primary Gem Setting: Prong-set <br>Primary Gem Carat Weight: 1.04 <br>Gem 2 Carat Weight: None <br>Gem 3 Carat Weight: None <br>,gndatlanta,,,TRUE,Ring size,9,,,,,RF2B2556/W-SM,,,100,deny,manual,"$1,454.00 ","$3,274.00 ",TRUE,TRUE,,https://www.gndatlanta.com/product/image/large/c0753370_1.jpg,1,,FALSE,14k White Gold Round Diamond 1-1/2 Ct Rd Center Bridal Semi-Mount Ring 1 Ctw,,,,,,gndatlanta,,new,,Wholesale Diamonds,,,,,,,,
14k-White-Gold-Round DIAMOND-1-1/2-Ct-Rd-Center-Bridal-Semi-Mount-Ring-1-Ctw,14k White Gold Round Diamond 1-1/2 Ct Rd Center Bridal Engagement Semi-Mount Ring 1 Ctw,Precious Metal Type: 14kt White Gold <br>Approx. Gram Weight: 11.171 <br>Total Gemstone Carat Weight: 1 <br>Primary Gem Type: Diamond <br>Primary Gem Shape: Round <br>Primary Gem Color: G-H <br>Primary Gem Clarity: SI3 <br>Primary Gem Setting: Prong-set <br>Primary Gem Carat Weight: 1.04 <br>Gem 2 Carat Weight: None <br>Gem 3 Carat Weight: None <br>,gndatlanta,,,TRUE,Ring size,9.5,,,,,RF2B2556/W-SM,,,100,deny,manual,"$1,454.00 ","$3,274.00 ",TRUE,TRUE,,https://www.gndatlanta.com/product/image/large/c0753370_1.jpg,1,,FALSE,14k White Gold Round Diamond 1-1/2 Ct Rd Center Bridal Semi-Mount Ring 1 Ctw,,,,,,gndatlanta,,new,,Wholesale Diamonds,,,,,,,,
14k-White-Gold-Round DIAMOND-1-1/2-Ct-Rd-Center-Bridal-Semi-Mount-Ring-1-Ctw,14k White Gold Round Diamond 1-1/2 Ct Rd Center Bridal Engagement Semi-Mount Ring 1 Ctw,Precious Metal Type: 14kt White Gold <br>Approx. Gram Weight: 11.171 <br>Total Gemstone Carat Weight: 1 <br>Primary Gem Type: Diamond <br>Primary Gem Shape: Round <br>Primary Gem Color: G-H <br>Primary Gem Clarity: SI3 <br>Primary Gem Setting: Prong-set <br>Primary Gem Carat Weight: 1.04 <br>Gem 2 Carat Weight: None <br>Gem 3 Carat Weight: None <br>,gndatlanta,,,TRUE,Ring size,10,,,,,RF2B2556/W-SM,,,100,deny,manual,"$1,454.00 ","$3,274.00 ",TRUE,TRUE,,https://www.gndatlanta.com/product/image/large/c0753370_1.jpg,1,,FALSE,14k White Gold Round Diamond 1-1/2 Ct Rd Center Bridal Semi-Mount Ring 1 Ctw,,,,,,gndatlanta,,new,,Wholesale Diamonds,,,,,,,,
14k-White-Gold-Round DIAMOND-1-1/2-Ct-Rd-Center-Bridal-Semi-Mount-Ring-1-Ctw,14k White Gold Round Diamond 1-1/2 Ct Rd Center Bridal Engagement Semi-Mount Ring 1 Ctw,Precious Metal Type: 14kt White Gold <br>Approx. Gram Weight: 11.171 <br>Total Gemstone Carat Weight: 1 <br>Primary Gem Type: Diamond <br>Primary Gem Shape: Round <br>Primary Gem Color: G-H <br>Primary Gem Clarity: SI3 <br>Primary Gem Setting: Prong-set <br>Primary Gem Carat Weight: 1.04 <br>Gem 2 Carat Weight: None <br>Gem 3 Carat Weight: None <br>,gndatlanta,,,TRUE,Ring size,10.5,,,,,RF2B2556/W-SM,,,100,deny,manual,"$1,454.00 ","$3,274.00 ",TRUE,TRUE,,https://www.gndatlanta.com/product/image/large/c0753370_1.jpg,1,,FALSE,14k White Gold Round Diamond 1-1/2 Ct Rd Center Bridal Semi-Mount Ring 1 Ctw,,,,,,gndatlanta,,new,,Wholesale Diamonds,,,,,,,,
14k-White-Gold-Round DIAMOND-1-1/2-Ct-Rd-Center-Bridal-Semi-Mount-Ring-1-Ctw,14k White Gold Round Diamond 1-1/2 Ct Rd Center Bridal Engagement Semi-Mount Ring 1 Ctw,Precious Metal Type: 14kt White Gold <br>Approx. Gram Weight: 11.171 <br>Total Gemstone Carat Weight: 1 <br>Primary Gem Type: Diamond <br>Primary Gem Shape: Round <br>Primary Gem Color: G-H <br>Primary Gem Clarity: SI3 <br>Primary Gem Setting: Prong-set <br>Primary Gem Carat Weight: 1.04 <br>Gem 2 Carat Weight: None <br>Gem 3 Carat Weight: None <br>,gndatlanta,,,TRUE,Ring size,11,,,,,RF2B2556/W-SM,,,100,deny,manual,"$1,454.00 ","$3,274.00 ",TRUE,TRUE,,https://www.gndatlanta.com/product/image/large/c0753370_1.jpg,1,,FALSE,14k White Gold Round Diamond 1-1/2 Ct Rd Center Bridal Semi-Mount Ring 1 Ctw,,,,,,gndatlanta,,new,,Wholesale Diamonds,,,,,,,,
14k-White-Gold-Round DIAMOND-1-1/2-Ct-Rd-Center-Bridal-Semi-Mount-Ring-1-Ctw,14k White Gold Round Diamond 1-1/2 Ct Rd Center Bridal Engagement Semi-Mount Ring 1 Ctw,Precious Metal Type: 14kt White Gold <br>Approx. Gram Weight: 11.171 <br>Total Gemstone Carat Weight: 1 <br>Primary Gem Type: Diamond <br>Primary Gem Shape: Round <br>Primary Gem Color: G-H <br>Primary Gem Clarity: SI3 <br>Primary Gem Setting: Prong-set <br>Primary Gem Carat Weight: 1.04 <br>Gem 2 Carat Weight: None <br>Gem 3 Carat Weight: None <br>,gndatlanta,,,TRUE,Ring size,11.5,,,,,RF2B2556/W-SM,,,100,deny,manual,"$1,454.00 ","$3,274.00 ",TRUE,TRUE,,https://www.gndatlanta.com/product/image/large/c0753370_1.jpg,1,,FALSE,14k White Gold Round Diamond 1-1/2 Ct Rd Center Bridal Semi-Mount Ring 1 Ctw,,,,,,gndatlanta,,new,,Wholesale Diamonds,,,,,,,,
14k-White-Gold-Round DIAMOND-1-1/2-Ct-Rd-Center-Bridal-Semi-Mount-Ring-1-Ctw,14k White Gold Round Diamond 1-1/2 Ct Rd Center Bridal Engagement Semi-Mount Ring 1 Ctw,Precious Metal Type: 14kt White Gold <br>Approx. Gram Weight: 11.171 <br>Total Gemstone Carat Weight: 1 <br>Primary Gem Type: Diamond <br>Primary Gem Shape: Round <br>Primary Gem Color: G-H <br>Primary Gem Clarity: SI3 <br>Primary Gem Setting: Prong-set <br>Primary Gem Carat Weight: 1.04 <br>Gem 2 Carat Weight: None <br>Gem 3 Carat Weight: None <br>,gndatlanta,,,TRUE,Ring size,12,,,,,RF2B2556/W-SM,,,100,deny,manual,"$1,454.00 ","$3,274.00 ",TRUE,TRUE,,https://www.gndatlanta.com/product/image/large/c0753370_1.jpg,1,,FALSE,14k White Gold Round Diamond 1-1/2 Ct Rd Center Bridal Semi-Mount Ring 1 Ctw,,,,,,gndatlanta,,new,,Wholesale Diamonds,,,,,,,,
14k-White-Gold-Round DIAMOND-1-1/2-Ct-Rd-Center-Bridal-Semi-Mount-Ring-1-Ctw,14k White Gold Round Diamond 1-1/2 Ct Rd Center Bridal Engagement Semi-Mount Ring 1 Ctw,Precious Metal Type: 14kt White Gold <br>Approx. Gram Weight: 11.171 <br>Total Gemstone Carat Weight: 1 <br>Primary Gem Type: Diamond <br>Primary Gem Shape: Round <br>Primary Gem Color: G-H <br>Primary Gem Clarity: SI3 <br>Primary Gem Setting: Prong-set <br>Primary Gem Carat Weight: 1.04 <br>Gem 2 Carat Weight: None <br>Gem 3 Carat Weight: None <br>,gndatlanta,,,TRUE,Ring size,12.5,,,,,RF2B2556/W-SM,,,100,deny,manual,"$1,454.00 ","$3,274.00 ",TRUE,TRUE,,https://www.gndatlanta.com/product/image/large/c0753370_1.jpg,1,,FALSE,14k White Gold Round Diamond 1-1/2 Ct Rd Center Bridal Semi-Mount Ring 1 Ctw,,,,,,gndatlanta,,new,,Wholesale Diamonds,,,,,,,,
14k-White-Gold-Round DIAMOND-1-1/2-Ct-Rd-Center-Bridal-Semi-Mount-Ring-1-Ctw,14k White Gold Round Diamond 1-1/2 Ct Rd Center Bridal Engagement Semi-Mount Ring 1 Ctw,Precious Metal Type: 14kt White Gold <br>Approx. Gram Weight: 11.171 <br>Total Gemstone Carat Weight: 1 <br>Primary Gem Type: Diamond <br>Primary Gem Shape: Round <br>Primary Gem Color: G-H <br>Primary Gem Clarity: SI3 <br>Primary Gem Setting: Prong-set <br>Primary Gem Carat Weight: 1.04 <br>Gem 2 Carat Weight: None <br>Gem 3 Carat Weight: None <br>,gndatlanta,,,TRUE,Ring size,13,,,,,RF2B2556/W-SM,,,100,deny,manual,"$1,454.00 ","$3,274.00 ",TRUE,TRUE,,https://www.gndatlanta.com/product/image/large/c0753370_1.jpg,1,,FALSE,14k White Gold Round Diamond 1-1/2 Ct Rd Center Bridal Semi-Mount Ring 1 Ctw,,,,,,gndatlanta,,new,,Wholesale Diamonds,,,,,,,,
14k-White-Gold-Round DIAMOND-1-1/2-Ct-Rd-Center-Bridal-Semi-Mount-Ring-1-Ctw,14k White Gold Round Diamond 1-1/2 Ct Rd Center Bridal Engagement Semi-Mount Ring 1 Ctw,Precious Metal Type: 14kt White Gold <br>Approx. Gram Weight: 11.171 <br>Total Gemstone Carat Weight: 1 <br>Primary Gem Type: Diamond <br>Primary Gem Shape: Round <br>Primary Gem Color: G-H <br>Primary Gem Clarity: SI3 <br>Primary Gem Setting: Prong-set <br>Primary Gem Carat Weight: 1.04 <br>Gem 2 Carat Weight: None <br>Gem 3 Carat Weight: None <br>,gndatlanta,,,TRUE,Ring size,13.5,,,,,RF2B2556/W-SM,,,100,deny,manual,"$1,454.00 ","$3,274.00 ",TRUE,TRUE,,https://www.gndatlanta.com/product/image/large/c0753370_1.jpg,1,,FALSE,14k White Gold Round Diamond 1-1/2 Ct Rd Center Bridal Semi-Mount Ring 1 Ctw,,,,,,gndatlanta,,new,,Wholesale Diamonds,,,,,,,,
14k-White-Gold-Round DIAMOND-1-1/2-Ct-Rd-Center-Bridal-Semi-Mount-Ring-1-Ctw,14k White Gold Round Diamond 1-1/2 Ct Rd Center Bridal Engagement Semi-Mount Ring 1 Ctw,Precious Metal Type: 14kt White Gold <br>Approx. Gram Weight: 11.171 <br>Total Gemstone Carat Weight: 1 <br>Primary Gem Type: Diamond <br>Primary Gem Shape: Round <br>Primary Gem Color: G-H <br>Primary Gem Clarity: SI3 <br>Primary Gem Setting: Prong-set <br>Primary Gem Carat Weight: 1.04 <br>Gem 2 Carat Weight: None <br>Gem 3 Carat Weight: None <br>,gndatlanta,,,TRUE,Ring size,14,,,,,RF2B2556/W-SM,,,100,deny,manual,"$1,454.00 ","$3,274.00 ",TRUE,TRUE,,https://www.gndatlanta.com/product/image/large/c0753370_1.jpg,1,,FALSE,14k White Gold Round Diamond 1-1/2 Ct Rd Center Bridal Semi-Mount Ring 1 Ctw,,,,,,gndatlanta,,new,,Wholesale Diamonds,,,,,,,,
14k-White-Gold-Round DIAMOND-1-1/2-Ct-Rd-Center-Bridal-Semi-Mount-Ring-1-Ctw,,,,,,,,,,,,,,,,,,,,,,,,https://www.gndatlanta.com/product/image/large/c0753370_2.jpg,,,,,,,,,,,,new,,,,,,,,,,
14k-White-Gold-Round DIAMOND-1-1/2-Ct-Rd-Center-Bridal-Semi-Mount-Ring-1-Ctw,,,,,,,,,,,,,,,,,,,,,,,,https://www.gndatlanta.com/product/image/large/c0753370_3.jpg,,,,,,,,,,,,new,,,,,,,,,,
14k-White-Gold-Round DIAMOND-1-1/2-Ct-Rd-Center-Bridal-Semi-Mount-Ring-1-Ctw,,,,,,,,,,,,,,,,,,,,,,,,https://www.gndatlanta.com/product/image/large/c0753370_4.jpg,,,,,,,,,,,,new,,,,,,,,,,
